"","SERIALNO","Education","Race","Hispanic","SurveyYear","MalePresent","Vehicle","ST","Age","PanelYear","InferredBirth","ageCombo","twoChildrenBothBound","IncomeQuintile"
"1","2011193375","C","White","No",2011,"1","Yes","CT",22,2002,0,"none",0,"5"
"2","2007925802","HS","White","No",2007,"0","Yes","FL",22,2001,0,"none",0,"1"
"3","2009237981","C","White","No",2009,"1","Yes","FL",19,2004,0,"none",0,"2"
"4","2006604389","HS","White","No",2006,"1","Yes","FL",29,2000,0,"0-2,6+",0,"4"
"5","2008200086","C","White","Yes",2008,"1","Yes","FL",25,2005,0,"none",0,"3"
"6","2014277856","C","White","No",2014,"1","Yes","FL",18,2006,0,"none",0,"4"
"7","2016000554902","M","White","No",2016,"1","Yes","FL",26,2009,0,"3-5,6+,6+",0,"4"
"8","2007294520","M","White","No",2007,"0","Yes","FL",26,1999,0,"none",0,"2"
"9","2011183253","HS","Other","No",2011,"1","Yes","FL",18,2003,0,"none",0,"1"
"10","2014221562","HS","White","No",2014,"1","Yes","FL",30,2013,0,"none",0,"1"
"11","2014927400","C","White","No",2014,"1","Yes","FL",31,2011,1,"3-5",0,"4"
"12","20111109172","HS","White","Yes",2011,"0","Yes","FL",24,2005,0,"none",0,"1"
"13","20061025501","HS","Black","No",2006,"0","No","FL",27,2000,0,"none",0,"1"
"14","20071108125","C","Black","No",2007,"0","Yes","FL",21,2005,0,"none",0,"2"
"15","2013430004","C","White","No",2013,"1","Yes","FL",35,2013,0,"none",0,"5"
"16","2009410770","M","White","No",2009,"1","Yes","FL",29,2009,0,"0-2",0,"2"
"17","20071209786","HS","Black","No",2007,"0","Yes","FL",20,1992,0,"none",0,"1"
"18","20131261177","M","White","No",2013,"1","Yes","CT",23,2005,0,"none",0,"5"
"19","2013770947","HS","Other","Yes",2013,"1","Yes","FL",18,2008,0,"none",0,"1"
"20","2016000988842","C","White","No",2016,"1","Yes","FL",28,2012,1,"none",0,"4"
"21","200835957","HS","White","No",2008,"0","Yes","FL",23,2005,0,"none",0,"3"
"22","2011731867","HS","White","No",2011,"1","Yes","FL",18,1998,0,"none",0,"3"
"23","201087179","C","White","No",2010,"1","Yes","FL",21,1996,0,"none",0,"3"
"24","20071089276","HS","White","No",2007,"1","Yes","FL",27,2006,0,"0-2,3-5,6+",0,"2"
"25","2008891159","M","White","Yes",2008,"1","Yes","FL",24,1997,0,"none",0,"5"
"26","2014116678","C","Black","No",2014,"0","Yes","FL",23,2003,0,"none",0,"2"
"27","20109502","C","White","No",2010,"1","Yes","FL",27,2002,0,"0-2,3-5",0,"4"
"28","2012117564","HS","White","Yes",2012,"0","Yes","FL",27,2011,0,"none",0,"1"
"29","2008840127","C","White","No",2008,"1","Yes","CT",33,2008,0,"none",0,"5"
"30","20172017001031394","HS","White","Yes",2017,"1","Yes","FL",31,2014,1,"none",0,"4"
"31","2009568015","C","White","No",2009,"1","Yes","FL",18,2003,0,"none",0,"4"
"32","2016000477551","M","White","Yes",2016,"1","Yes","CT",23,2013,0,"none",0,"5"
"33","2009943323","C","White","No",2009,"1","Yes","FL",28,2002,0,"0-2",0,"5"
"34","20091249255","HS","Black","No",2009,"0","Yes","FL",20,2001,0,"none",0,"1"
"35","2015921950","HS","Black","No",2015,"0","Yes","FL",21,2001,0,"3-5",0,"1"
"36","2013913960","C","White","No",2013,"1","Yes","CT",25,2007,0,"none",0,"5"
"37","2014695805","M","Asian","No",2014,"1","Yes","FL",25,2008,0,"none",0,"5"
"38","20172017001085086","C","White","No",2017,"1","Yes","FL",20,2008,0,"none",0,"5"
"39","2015810343","HS","White","No",2015,"0","No","FL",29,2011,0,"none",0,"1"
"40","2013837394","C","White","No",2013,"0","Yes","FL",33,2012,0,"none",0,"1"
"41","20172017001184649","C","White","Yes",2017,"1","Yes","FL",19,2008,0,"none",0,"4"
"42","2006243201","C","Black","No",2006,"0","Yes","FL",23,1999,0,"0-2",0,"2"
"43","2016001152830","C","White","No",2016,"1","Yes","FL",19,2005,0,"none",0,"4"
"44","2016000655424","C","White","Yes",2016,"1","Yes","FL",24,2006,0,"none",0,"4"
"45","200683553","C","White","No",2006,"1","Yes","FL",26,1997,0,"none",0,"5"
"46","2006303544","C","White","Yes",2006,"0","Yes","FL",23,1994,0,"none",0,"1"
"47","2016000247802","HS","White","Yes",2016,"1","Yes","CT",19,2008,0,"none",0,"2"
"48","2010691671","C","White","No",2010,"0","Yes","FL",33,2010,0,"none",0,"2"
"49","20111481683","M","White","No",2011,"1","Yes","FL",30,2007,0,"0-2,6+",0,"2"
"50","20071028207","C","White","No",2007,"0","Yes","FL",22,2005,0,"none",0,"1"
"51","20081168767","M","White","Yes",2008,"1","Yes","FL",26,2007,0,"none",0,"3"
"52","2012524245","HS","White","No",2012,"1","Yes","FL",20,2010,0,"none",0,"1"
"53","2013120310","C","Black","No",2013,"0","Yes","FL",18,2011,0,"none",0,"2"
"54","20061128364","M","White","No",2006,"1","Yes","FL",21,1999,0,"none",0,"5"
"55","2007720256","HS","White","No",2007,"1","Yes","FL",25,2007,0,"6+,6+",0,"1"
"56","20111413457","HS","Other","Yes",2011,"1","Yes","FL",24,2007,0,"0-2",0,"1"
"57","200962353","C","Other","No",2009,"1","Yes","FL",19,1995,0,"none",0,"5"
"58","2008810473","M","White","No",2008,"1","Yes","FL",30,2007,0,"0-2",0,"5"
"59","2012406389","C","White","No",2012,"1","Yes","CT",21,2006,0,"none",0,"3"
"60","20131367136","C","White","No",2013,"1","Yes","FL",19,2008,0,"none",0,"2"
"61","2012938424","C","White","Yes",2012,"1","Yes","FL",23,2007,0,"none",0,"4"
"62","2015281437","HS","White","Yes",2015,"1","Yes","FL",23,2006,0,"none",0,"3"
"63","20111182778","HS","Black","No",2011,"0","Yes","FL",28,2011,0,"6+",0,"2"
"64","201567715","C","White","Yes",2015,"0","Yes","FL",18,2004,0,"none",0,"4"
"65","2014362659","C","White","No",2014,"0","Yes","FL",19,1998,0,"none",0,"1"
"66","20172017000974129","C","White","No",2017,"1","Yes","FL",23,2017,0,"6+",0,"3"
"67","20172017000607148","HS","Black","No",2017,"0","Yes","FL",21,2004,0,"none",0,"3"
"68","20151337423","C","Black","No",2015,"1","Yes","CT",26,2007,0,"none",0,"5"
"69","2006481711","C","White","No",2006,"1","Yes","FL",27,1998,0,"none",0,"5"
"70","2012918699","C","White","No",2012,"1","Yes","FL",33,2011,0,"3-5,3-5",0,"5"
"71","20131225570","C","White","No",2013,"1","Yes","FL",20,2006,0,"none",0,"2"
"72","2016000708231","M","White","No",2016,"1","Yes","CT",32,2015,0,"none",0,"5"
"73","20081304206","M","White","No",2008,"1","Yes","FL",18,1993,0,"none",0,"4"
"74","20172017000290004","C","White","No",2017,"1","Yes","FL",21,2005,0,"none",0,"5"
"75","2006210124","C","White","No",2006,"0","Yes","CT",18,1989,0,"none",0,"3"
"76","2013917638","C","White","No",2013,"1","Yes","FL",28,2006,0,"none",0,"5"
"77","2013918983","C","White","No",2013,"1","Yes","FL",20,2005,0,"none",0,"3"
"78","20172017001329667","M","Asian","No",2017,"1","Yes","FL",28,2015,0,"none",0,"4"
"79","20141396675","M","White","Yes",2014,"1","Yes","FL",24,2003,0,"none",0,"5"
"80","20111382136","HS","White","No",2011,"1","Yes","CT",21,1998,0,"3-5",0,"5"
"81","20172017001115618","C","White","No",2017,"1","Yes","FL",26,2011,0,"none",0,"2"
"82","2015921950","HS","Black","No",2015,"0","Yes","FL",23,2003,1,"0-2,3-5",0,"1"
"83","2006183109","C","White","No",2006,"1","Yes","FL",23,1994,0,"none",0,"5"
"84","2014683557","HS","Black","No",2014,"1","Yes","FL",18,2002,0,"none",0,"3"
"85","2015577379","C","White","No",2015,"1","Yes","FL",19,2010,0,"none",0,"3"
"86","2010667554","C","Asian","No",2010,"1","Yes","FL",28,2010,0,"none",0,"2"
"87","2006172475","C","White","No",2006,"0","Yes","FL",24,2005,0,"none",0,"2"
"88","20061203308","C","White","No",2006,"1","Yes","FL",22,1998,0,"none",0,"5"
"89","2012218213","C","Asian","No",2012,"0","Yes","FL",26,2010,0,"0-2",0,"2"
"90","20172017000207193","M","White","No",2017,"1","Yes","FL",27,2012,0,"0-2",0,"4"
"91","201073354","M","Asian","No",2010,"1","Yes","FL",18,1995,0,"none",0,"4"
"92","2012991723","HS","Black","No",2012,"1","Yes","FL",30,2011,0,"0-2,6+,6+",0,"1"
"93","20101064544","HS","Black","No",2010,"1","No","FL",30,2008,0,"none",0,"1"
"94","2006189853","C","White","No",2006,"1","Yes","FL",31,2004,0,"0-2",0,"5"
"95","20151491560","M","Other","No",2015,"1","Yes","FL",28,2008,0,"none",0,"5"
"96","201490687","C","White","No",2014,"1","Yes","FL",23,2011,0,"none",0,"5"
"97","2011117953","HS","White","No",2011,"1","Yes","FL",21,1999,0,"none",0,"2"
"98","2007234784","M","White","No",2007,"1","Yes","FL",32,2006,0,"0-2",0,"5"
"99","20151456248","C","White","No",2015,"1","Yes","FL",26,2006,0,"none",0,"5"
"100","2014660707","M","White","No",2014,"1","Yes","FL",22,2005,0,"none",0,"5"
"101","20172017001335803","C","Asian","No",2017,"1","Yes","FL",24,2007,0,"none",0,"3"
"102","20172017000479525","C","Asian","No",2017,"1","Yes","FL",33,2016,0,"0-2,3-5",1,"4"
"103","201127561","C","White","No",2011,"1","Yes","FL",19,1995,0,"none",0,"5"
"104","20172017000154284","C","White","No",2017,"1","Yes","CT",32,2015,0,"0-2,3-5",1,"5"
"105","20091200717","C","White","No",2009,"0","Yes","FL",31,2008,0,"none",0,"4"
"106","2007167877","C","White","No",2007,"0","Yes","FL",21,2005,0,"none",0,"3"
"107","2016001279900","HS","White","No",2016,"0","Yes","FL",20,2016,0,"none",0,"2"
"108","20071250849","C","White","No",2007,"1","Yes","FL",27,2005,0,"6+",0,"4"
"109","2006841199","C","White","No",2006,"1","Yes","FL",20,1992,0,"none",0,"3"
"110","2016001022015","HS","White","No",2016,"0","Yes","FL",21,2004,0,"none",0,"2"
"111","20061210470","C","Black","No",2006,"1","Yes","FL",30,2006,0,"0-2",0,"3"
"112","20111074659","C","Asian","No",2011,"1","Yes","FL",29,2008,0,"6+,6+",0,"3"
"113","2010812612","C","Other","No",2010,"0","Yes","CT",18,2002,0,"none",0,"3"
"114","2009212604","HS","White","No",2009,"1","Yes","FL",21,1997,0,"none",0,"5"
"115","201250069","HS","Other","No",2012,"1","Yes","FL",25,2008,0,"0-2,3-5",0,"3"
"116","20141431546","M","White","No",2014,"1","Yes","CT",24,2003,0,"none",0,"4"
"117","2008340843","HS","White","No",2008,"0","Yes","FL",21,1998,0,"none",0,"2"
"118","2013299950","HS","Other","No",2013,"1","Yes","FL",21,2011,0,"none",0,"3"
"119","2010513245","C","Other","Yes",2010,"1","Yes","FL",18,2004,0,"none",0,"4"
"120","2014605100","C","White","No",2014,"0","Yes","FL",20,2011,0,"none",0,"3"
"121","200974215","HS","White","No",2009,"1","Yes","CT",23,1999,0,"none",0,"4"
"122","201481354","M","White","No",2014,"0","Yes","FL",18,2002,0,"none",0,"2"
"123","2010851061","HS","Other","Yes",2010,"1","Yes","FL",20,1995,0,"0-2",0,"1"
"124","20121431005","M","White","No",2012,"1","Yes","FL",21,2001,0,"none",0,"5"
"125","20131029717","C","Black","No",2013,"1","Yes","FL",25,2006,0,"3-5",0,"4"
"126","20141262010","HS","Black","No",2014,"0","Yes","FL",23,2013,0,"none",0,"2"
"127","2014283662","C","White","No",2014,"0","Yes","CT",29,2012,0,"none",0,"4"
"128","2013479275","HS","Other","Yes",2013,"1","Yes","FL",23,2004,0,"none",0,"2"
"129","2014302105","C","White","No",2014,"1","Yes","FL",21,2005,0,"none",0,"4"
"130","2007663481","M","White","No",2007,"1","Yes","FL",29,2002,0,"none",0,"5"
"131","2013852684","C","White","No",2013,"0","Yes","FL",18,2001,0,"none",0,"2"
"132","2007355394","C","Black","No",2007,"1","Yes","FL",19,1997,0,"none",0,"3"
"133","2013861810","M","Asian","No",2013,"0","Yes","CT",24,2011,0,"none",0,"3"
"134","20121049739","C","White","No",2012,"1","Yes","FL",23,2009,0,"none",0,"4"
"135","2010704792","C","White","Yes",2010,"1","Yes","FL",27,2002,0,"0-2",0,"3"
"136","20121119970","HS","White","No",2012,"0","Yes","FL",29,2007,0,"3-5,6+,6+",0,"2"
"137","20141326112","M","White","No",2014,"1","Yes","CT",27,2010,0,"none",0,"4"
"138","20151179017","M","White","No",2015,"1","Yes","CT",25,2009,0,"none",0,"5"
"139","2008563948","HS","Black","No",2008,"0","Yes","FL",28,2005,0,"6+,6+",0,"1"
"140","20091259210","C","White","No",2009,"0","Yes","FL",21,2001,0,"none",0,"1"
"141","2016001262737","C","White","No",2016,"1","Yes","FL",25,2010,0,"none",0,"5"
"142","2010311646","C","White","No",2010,"1","No","FL",22,1998,0,"0-2",0,"3"
"143","2014663995","C","White","No",2014,"1","Yes","CT",29,2013,0,"none",0,"5"
"144","2010364262","HS","White","No",2010,"0","Yes","FL",30,2005,0,"none",0,"4"
"145","20131052752","HS","White","No",2013,"1","Yes","FL",18,2002,0,"none",0,"2"
"146","20172017000304011","HS","White","No",2017,"1","Yes","FL",19,2011,0,"none",0,"4"
"147","2007441198","M","Other","Yes",2007,"1","Yes","FL",22,2005,0,"none",0,"4"
"148","2007805743","M","White","No",2007,"1","Yes","CT",30,2005,1,"0-2",0,"5"
"149","20111437124","M","Other","Yes",2011,"1","Yes","FL",30,2009,0,"3-5",0,"3"
"150","2016001504180","M","Black","No",2016,"1","Yes","FL",26,2008,0,"none",0,"5"
"151","2016000268300","HS","White","No",2016,"1","Yes","FL",20,2008,0,"none",0,"4"
"152","2006902630","HS","White","No",2006,"1","Yes","FL",21,1994,1,"0-2",0,"3"
"153","2007984485","M","Black","No",2007,"0","Yes","FL",23,2001,0,"0-2",0,"4"
"154","201459377","HS","White","No",2014,"0","Yes","FL",20,2010,0,"none",0,"2"
"155","20172017000555237","C","White","Yes",2017,"1","Yes","FL",22,2005,0,"none",0,"3"
"156","20101199017","C","White","Yes",2010,"0","Yes","FL",27,2005,0,"none",0,"3"
"157","20071206525","C","White","No",2007,"1","Yes","CT",35,2007,0,"0-2,3-5",1,"4"
"158","2009269031","C","White","No",2009,"1","Yes","CT",24,1999,0,"none",0,"4"
"159","2012444104","C","Other","No",2012,"0","Yes","FL",19,2010,0,"none",0,"1"
"160","2014489649","C","White","No",2014,"1","Yes","FL",23,2012,0,"0-2",0,"3"
"161","2007211463","HS","White","Yes",2007,"1","Yes","FL",24,1997,0,"none",0,"4"
"162","20141438723","HS","White","No",2014,"1","Yes","FL",21,2008,0,"none",0,"3"
"163","2006861419","C","White","Yes",2006,"1","Yes","FL",24,1995,1,"none",0,"1"
"164","2012523149","M","White","No",2012,"1","Yes","FL",33,2011,0,"none",0,"5"
"165","20061073670","M","White","No",2006,"0","Yes","CT",24,2001,0,"none",0,"1"
"166","2011311410","HS","Black","No",2011,"1","Yes","FL",29,2006,0,"4+",0,"2"
"167","2010978031","C","White","No",2010,"1","Yes","FL",19,2002,0,"none",0,"4"
"168","2012721449","M","White","No",2012,"1","Yes","CT",18,1998,0,"none",0,"5"
"169","20172017000651327","HS","White","Yes",2017,"1","Yes","FL",21,2012,0,"none",0,"3"
"170","2009178315","HS","White","No",2009,"0","No","FL",18,2002,0,"0-2",0,"1"
"171","2007449964","HS","Other","No",2007,"1","Yes","FL",26,2000,0,"0-2,6+",0,"5"
"172","2012500632","HS","White","No",2012,"1","Yes","FL",21,2009,0,"none",0,"2"
"173","20081344890","M","White","Yes",2008,"1","Yes","FL",19,1996,0,"none",0,"5"
"174","2015553784","HS","Black","No",2015,"0","Yes","FL",24,2013,0,"3-5,6+",0,"3"
"175","2014442049","C","White","Yes",2014,"1","Yes","FL",26,2011,1,"3-5",0,"5"
"176","2016000293901","C","White","No",2016,"0","Yes","FL",29,2016,0,"none",0,"2"
"177","2011581996","M","White","No",2011,"1","Yes","FL",22,1998,0,"none",0,"5"
"178","200914464","C","White","No",2009,"0","Yes","FL",22,2003,0,"none",0,"1"
"179","20071187250","M","White","No",2007,"0","Yes","CT",30,2004,0,"none",0,"5"
"180","2006509570","C","White","No",2006,"1","Yes","CT",18,1989,0,"none",0,"5"
"181","2012742539","C","White","No",2012,"0","Yes","FL",27,2010,0,"none",0,"4"
"182","2016001425280","HS","White","No",2016,"1","Yes","FL",21,2007,0,"none",0,"4"
"183","20172017000781400","C","White","No",2017,"1","Yes","FL",22,2013,0,"none",0,"4"
"184","20121030895","HS","White","No",2012,"1","Yes","CT",27,2006,0,"none",0,"4"
"185","2006405328","M","White","No",2006,"1","Yes","FL",23,2000,0,"none",0,"5"
"186","2012749129","C","White","Yes",2012,"1","Yes","FL",25,2009,0,"none",0,"3"
"187","2014502057","C","Asian","No",2014,"0","Yes","FL",26,2005,1,"3-5",0,"3"
"188","2010222061","HS","White","Yes",2010,"0","No","CT",22,2001,0,"6+",0,"1"
"189","200651867","HS","White","No",2006,"1","Yes","FL",30,2005,0,"6+,6+",0,"4"
"190","20151158214","C","Asian","No",2015,"1","Yes","FL",34,2014,0,"none",0,"5"
"191","2016000571319","C","White","No",2016,"1","Yes","FL",29,2013,1,"3-5",0,"4"
"192","2010924464","M","Asian","No",2010,"1","Yes","FL",21,1997,0,"none",0,"4"
"193","2007565384","C","White","No",2007,"0","Yes","CT",23,2006,0,"none",0,"1"
"194","2008180549","HS","White","No",2008,"0","Yes","FL",19,1996,0,"none",0,"1"
"195","2013230617","C","White","No",2013,"1","Yes","FL",18,2009,0,"none",0,"5"
"196","2016000178813","M","White","No",2016,"1","Yes","CT",28,2010,0,"none",0,"5"
"197","20061050128","M","White","No",2006,"1","Yes","FL",23,1995,1,"none",0,"5"
"198","2007121196","C","White","No",2007,"1","Yes","CT",23,2005,0,"none",0,"4"
"199","2007787191","HS","White","No",2007,"0","Yes","FL",31,2003,0,"none",0,"2"
"200","2009889906","HS","Asian","No",2009,"0","Yes","FL",29,2003,0,"0-2,0-2,0-2",0,"1"
"201","20082719","HS","White","No",2008,"1","Yes","FL",25,2006,0,"none",0,"4"
"202","20172017000350767","HS","White","Yes",2017,"1","Yes","FL",25,2016,0,"6+",0,"3"
"203","2006222527","HS","White","Yes",2006,"1","Yes","FL",33,2006,0,"6+",0,"2"
"204","2006264932","C","White","No",2006,"0","Yes","FL",20,1994,0,"none",0,"4"
"205","2015547293","C","White","No",2015,"1","Yes","FL",27,2015,0,"none",0,"4"
"206","2013577292","HS","Black","No",2013,"1","Yes","FL",24,2007,0,"0-2,3-5",0,"2"
"207","2009826553","C","Black","Yes",2009,"1","Yes","FL",18,2003,0,"none",0,"4"
"208","20172017000112367","C","White","Yes",2017,"1","Yes","FL",25,2010,1,"none",0,"1"
"209","20172017000533437","HS","White","Yes",2017,"1","Yes","FL",32,2016,0,"3-5,3-5",1,"2"
"210","2009395269","M","White","Yes",2009,"1","Yes","FL",22,1996,0,"none",0,"5"
"211","2007888359","C","White","No",2007,"1","Yes","FL",26,2001,0,"none",0,"4"
"212","2015378371","HS","White","Yes",2015,"0","Yes","FL",23,2004,0,"0-2,0-2",1,"1"
"213","2014678791","HS","Black","No",2014,"0","Yes","FL",30,2013,0,"none",0,"2"
"214","2015440350","C","Asian","No",2015,"1","Yes","FL",18,2005,0,"none",0,"1"
"215","20111098397","C","Black","No",2011,"0","Yes","FL",18,1998,0,"none",0,"2"
"216","2006642224","HS","White","Yes",2006,"1","Yes","FL",21,1994,0,"none",0,"4"
"217","20172017000984535","M","White","Yes",2017,"1","Yes","CT",24,2008,0,"0-2,3-5",1,"2"
"218","20091150605","C","White","No",2009,"1","Yes","FL",21,2005,0,"none",0,"3"
"219","201087702","HS","White","No",2010,"1","Yes","FL",27,2009,0,"0-2",0,"1"
"220","2016001008123","HS","White","No",2016,"1","Yes","FL",23,2013,0,"4+",0,"2"
"221","2006949517","C","White","Yes",2006,"1","Yes","FL",24,2000,0,"none",0,"4"
"222","20172017000123463","HS","White","No",2017,"1","Yes","FL",24,2010,0,"none",0,"4"
"223","20091035040","HS","Black","No",2009,"1","Yes","FL",21,1997,0,"none",0,"3"
"224","2015466172","HS","Black","No",2015,"0","Yes","FL",34,2014,0,"3-5,6+",0,"2"
"225","20131385451","HS","White","Yes",2013,"0","Yes","FL",24,2002,1,"0-2",0,"2"
"226","2012453528","C","White","No",2012,"0","Yes","FL",21,2010,0,"none",0,"5"
"227","20172017000806421","C","White","No",2017,"1","Yes","CT",22,2006,0,"none",0,"5"
"228","200791935","M","Other","No",2007,"0","Yes","FL",26,1998,0,"none",0,"5"
"229","20131361451","C","White","No",2013,"1","Yes","FL",22,2009,0,"none",0,"5"
"230","2016000797806","M","Other","No",2016,"1","Yes","FL",21,2006,0,"none",0,"4"
"231","2016001298066","HS","White","Yes",2016,"1","Yes","FL",18,1999,0,"none",0,"4"
"232","2015391744","HS","White","Yes",2015,"1","Yes","FL",18,2005,0,"0-2",0,"1"
"233","2010112695","M","White","Yes",2010,"0","Yes","FL",31,2006,0,"none",0,"4"
"234","2010711170","M","Asian","No",2010,"1","Yes","FL",18,1995,0,"none",0,"5"
"235","20172017000964749","HS","White","No",2017,"0","Yes","FL",22,2004,0,"3-5",0,"1"
"236","20172017000643857","C","White","No",2017,"1","Yes","FL",26,2012,0,"none",0,"3"
"237","2016000703819","C","Other","No",2016,"1","Yes","CT",19,2012,0,"none",0,"4"
"238","2007475031","C","White","No",2007,"1","Yes","FL",18,1994,0,"3-5",0,"2"
"239","2007624603","C","White","No",2007,"1","Yes","CT",18,1998,0,"none",0,"3"
"240","2006570220","M","White","No",2006,"1","Yes","FL",24,1997,0,"none",0,"5"
"241","20061348868","C","White","No",2006,"0","Yes","FL",20,1994,0,"none",0,"3"
"242","20101212796","C","White","No",2010,"1","Yes","FL",21,2004,0,"none",0,"2"
"243","20081199","HS","White","No",2008,"1","Yes","FL",18,1991,0,"none",0,"2"
"244","20172017000925173","HS","Black","No",2017,"1","Yes","FL",25,2010,0,"4+",0,"1"
"245","2010900234","M","White","Yes",2010,"1","Yes","FL",27,2006,0,"none",0,"5"
"246","20121452922","HS","White","No",2012,"1","Yes","FL",19,2009,0,"none",0,"3"
"247","2007107940","C","White","No",2007,"1","Yes","FL",18,1998,0,"none",0,"3"
"248","2016000138251","C","White","No",2016,"0","Yes","FL",20,2003,0,"none",0,"2"
"249","20172017000129757","M","White","Yes",2017,"0","Yes","FL",25,2010,0,"none",0,"4"
"250","2016001095494","C","White","No",2016,"0","Yes","CT",21,2014,0,"none",0,"1"
"251","20091132680","C","White","No",2009,"1","Yes","FL",19,2003,0,"none",0,"2"
"252","2015623788","HS","White","Yes",2015,"1","Yes","FL",27,2007,0,"3-5,6+",0,"2"
"253","2008646410","C","Black","No",2008,"1","Yes","FL",23,2003,0,"none",0,"3"
"254","2009236115","M","White","No",2009,"1","Yes","CT",19,1995,0,"none",0,"5"
"255","2015560305","C","White","No",2015,"1","Yes","CT",23,2013,0,"none",0,"3"
"256","2016000873295","M","White","No",2016,"1","Yes","FL",22,2004,0,"none",0,"4"
"257","2013611836","C","White","Yes",2013,"1","Yes","CT",19,2001,0,"none",0,"5"
"258","2013781008","C","White","Yes",2013,"1","Yes","FL",19,2003,0,"none",0,"3"
"259","20141276559","C","White","No",2014,"0","Yes","FL",27,2009,0,"none",0,"3"
"260","20081042875","C","White","Yes",2008,"0","Yes","CT",23,1998,0,"none",0,"2"
"261","20151386138","C","White","No",2015,"1","Yes","FL",32,2014,0,"0-2",0,"4"
"262","2007187931","C","White","No",2007,"1","Yes","FL",33,2007,0,"0-2,6+",0,"3"
"263","2011581996","M","White","No",2011,"1","Yes","FL",28,2004,0,"none",0,"5"
"264","2007854983","HS","White","Yes",2007,"1","Yes","FL",29,2005,0,"none",0,"3"
"265","20131328854","M","White","No",2013,"0","Yes","FL",27,2011,0,"none",0,"2"
"266","2016000294601","HS","Black","No",2016,"0","Yes","CT",20,2004,0,"0-2",0,"4"
"267","2007886787","C","White","No",2007,"0","Yes","FL",26,2000,0,"none",0,"4"
"268","20151403997","HS","Black","No",2015,"1","Yes","FL",30,2012,0,"none",0,"2"
"269","20151331406","M","Black","No",2015,"1","Yes","FL",21,2002,0,"none",0,"4"
"270","20101012417","C","White","No",2010,"1","Yes","FL",29,2004,0,"3-5",0,"5"
"271","2014892989","HS","White","Yes",2014,"1","Yes","FL",22,2011,0,"0-2",0,"1"
"272","20101340697","C","White","Yes",2010,"1","Yes","FL",33,2010,1,"none",0,"1"
"273","20141212623","HS","White","Yes",2014,"1","Yes","FL",21,2010,0,"none",0,"4"
"274","20091013513","C","Other","No",2009,"1","Yes","FL",24,2001,0,"0-2,3-5",0,"5"
"275","2011292988","C","White","No",2011,"1","Yes","FL",24,2005,0,"none",0,"3"
"276","2007453483","C","White","No",2007,"1","Yes","FL",19,1996,0,"none",0,"5"
"277","20081087721","M","Other","Yes",2008,"1","Yes","FL",26,1999,0,"3-5",0,"2"
"278","2016000514284","M","White","No",2016,"1","Yes","FL",27,2008,0,"none",0,"4"
"279","2013958737","C","White","No",2013,"1","Yes","FL",28,2010,1,"none",0,"2"
"280","2008614102","HS","White","No",2008,"0","Yes","FL",19,1994,1,"none",0,"3"
"281","201066952","M","Black","No",2010,"0","Yes","FL",27,2007,0,"none",0,"3"
"282","201022745","C","White","Yes",2010,"0","Yes","FL",27,2002,0,"none",0,"5"
"283","2010521053","C","White","Yes",2010,"1","Yes","FL",18,1996,0,"none",0,"1"
"284","20071083733","C","White","No",2007,"1","Yes","FL",24,2000,0,"6+",0,"5"
"285","20081145398","M","White","Yes",2008,"1","Yes","FL",25,1998,0,"none",0,"2"
"286","2012496831","C","White","No",2012,"0","Yes","FL",21,2008,0,"none",0,"3"
"287","2012753277","M","Black","No",2012,"0","Yes","FL",32,2012,0,"none",0,"3"
"288","2009200569","C","Asian","No",2009,"1","No","FL",30,2007,1,"0-2",0,"1"
"289","2006746493","HS","Black","No",2006,"1","Yes","FL",19,2000,0,"none",0,"3"
"290","2016001026487","M","White","No",2016,"1","Yes","FL",18,2001,0,"none",0,"4"
"291","2013329124","M","White","No",2013,"1","Yes","FL",26,2004,0,"none",0,"5"
"292","2012736344","HS","White","No",2012,"0","Yes","FL",19,2009,1,"none",0,"1"
"293","2009986340","HS","White","Yes",2009,"1","Yes","FL",30,2009,1,"0-2,3-5,6+",0,"3"
"294","20061250368","HS","White","No",2006,"1","Yes","FL",23,1998,0,"none",0,"1"
"295","20091172363","HS","White","No",2009,"1","Yes","FL",23,1998,0,"none",0,"3"
"296","2008455409","HS","White","No",2008,"1","Yes","FL",32,2005,0,"6+",0,"2"
"297","20172017000209835","HS","Other","No",2017,"1","Yes","FL",27,2016,0,"none",0,"3"
"298","20172017000464990","C","White","No",2017,"0","Yes","FL",25,2012,0,"none",0,"2"
"299","2006984531","HS","White","Yes",2006,"1","Yes","FL",20,1996,1,"none",0,"2"
"300","20101236074","C","White","Yes",2010,"1","Yes","FL",27,2004,1,"none",0,"5"
"301","20061076091","C","White","No",2006,"1","Yes","FL",26,2002,0,"none",0,"5"
"302","2006312411","C","White","Yes",2006,"1","Yes","FL",19,1996,0,"none",0,"2"
"303","2014485637","M","White","No",2014,"1","Yes","FL",22,2003,0,"none",0,"5"
"304","20131044069","M","Asian","No",2013,"1","Yes","FL",26,2005,0,"none",0,"3"
"305","2016000519415","C","White","Yes",2016,"0","Yes","FL",21,2012,0,"none",0,"1"
"306","2007875143","M","White","No",2007,"1","Yes","CT",19,1993,0,"none",0,"4"
"307","2014502108","HS","White","No",2014,"0","Yes","FL",20,2005,0,"none",0,"1"
"308","2008839656","M","White","No",2008,"0","Yes","FL",23,2008,0,"none",0,"1"
"309","2011602223","HS","Black","No",2011,"0","Yes","FL",22,2008,0,"3-5",0,"1"
"310","20172017000080113","C","White","No",2017,"1","Yes","CT",19,2007,0,"none",0,"5"
"311","20121345698","HS","White","No",2012,"1","Yes","FL",33,2012,0,"none",0,"4"
"312","2014500792","M","White","No",2014,"1","Yes","FL",19,1999,0,"none",0,"5"
"313","2011912070","HS","Black","No",2011,"1","Yes","FL",26,2007,1,"6+,6+",0,"2"
"314","2011121967","M","White","No",2011,"0","Yes","FL",21,1999,0,"none",0,"3"
"315","20091264301","C","White","No",2009,"1","Yes","FL",21,2003,0,"none",0,"4"
"316","2009689746","C","White","No",2009,"1","Yes","CT",32,2008,1,"none",0,"4"
"317","2008326774","C","White","No",2008,"1","Yes","CT",18,2006,0,"none",0,"3"
"318","20172017000868309","C","White","No",2017,"0","Yes","FL",27,2012,0,"none",0,"5"
"319","20121163046","HS","Black","No",2012,"1","Yes","FL",21,2006,0,"none",0,"3"
"320","2010739901","HS","Black","No",2010,"0","Yes","FL",20,1995,0,"none",0,"2"
"321","2011735620","HS","White","No",2011,"1","Yes","FL",21,2004,1,"none",0,"2"
"322","2012486524","HS","White","Yes",2012,"1","Yes","FL",33,2010,0,"6+,6+",0,"4"
"323","200933794","C","White","No",2009,"1","Yes","FL",27,2007,0,"0-2",0,"3"
"324","2009188669","HS","White","No",2009,"1","Yes","FL",24,2000,0,"3-5",0,"5"
"325","200921186","C","White","No",2009,"1","Yes","FL",33,2009,0,"none",0,"4"
"326","2013438196","M","White","No",2013,"1","Yes","FL",21,2005,0,"none",0,"5"
"327","2016000760166","C","Asian","No",2016,"1","Yes","FL",32,2013,1,"3-5",0,"2"
"328","2013248478","M","White","Yes",2013,"1","Yes","FL",20,2008,0,"none",0,"4"
"329","20091220006","C","White","Yes",2009,"1","Yes","FL",21,2007,0,"none",0,"3"
"330","2010453656","HS","White","No",2010,"0","Yes","FL",20,1996,1,"none",0,"1"
"331","2016000364832","M","White","No",2016,"0","Yes","CT",25,2007,0,"none",0,"2"
"332","2007461367","HS","White","No",2007,"1","Yes","FL",21,1993,0,"none",0,"3"
"333","2006450716","C","White","No",2006,"1","Yes","FL",27,2004,0,"none",0,"3"
"334","2007306344","C","White","No",2007,"1","Yes","FL",22,1995,0,"none",0,"2"
"335","20101325018","C","Black","No",2010,"0","Yes","FL",18,2001,0,"none",0,"1"
"336","201158394","HS","Black","No",2011,"0","Yes","FL",35,2011,0,"6+,6+",0,"2"
"337","2009878977","HS","White","Yes",2009,"0","No","CT",18,1992,0,"none",0,"2"
"338","200693819","C","White","Yes",2006,"1","Yes","FL",25,2000,0,"none",0,"3"
"339","20121190087","C","Black","No",2012,"1","Yes","FL",24,2002,0,"none",0,"5"
"340","2008648589","HS","White","Yes",2008,"1","Yes","FL",25,2000,0,"0-2,3-5,3-5",0,"5"
"341","20172017000508375","HS","White","Yes",2017,"1","Yes","FL",28,2015,0,"0-2,0-2,6+",0,"2"
"342","20101398465","C","White","Yes",2010,"1","Yes","FL",19,1999,0,"none",0,"1"
"343","2015109524","C","White","No",2015,"1","Yes","FL",27,2008,0,"none",0,"5"
"344","200852630","HS","Black","No",2008,"0","Yes","FL",23,2004,0,"none",0,"2"
"345","20101157589","HS","Black","Yes",2010,"0","Yes","FL",28,2005,0,"0-2",0,"1"
"346","2010845158","C","White","No",2010,"1","Yes","FL",19,1994,0,"none",0,"4"
"347","2012411155","HS","Black","No",2012,"1","Yes","FL",27,2005,1,"none",0,"2"
"348","20172017000670702","C","White","No",2017,"1","Yes","FL",18,2000,0,"none",0,"5"
"349","20131366847","C","White","No",2013,"1","Yes","FL",22,2008,0,"none",0,"1"
"350","20101019394","M","White","Yes",2010,"1","Yes","FL",25,2003,0,"none",0,"5"
"351","2015617906","HS","White","Yes",2015,"1","Yes","FL",33,2013,0,"3-5,6+,6+",0,"4"
"352","2012962735","M","Asian","No",2012,"1","Yes","FL",24,2002,1,"none",0,"2"
"353","20101179154","HS","Asian","No",2010,"1","Yes","FL",24,1999,0,"none",0,"2"
"354","2012417504","HS","Black","No",2012,"1","Yes","FL",22,2001,0,"0-2",0,"1"
"355","2006392935","HS","Other","Yes",2006,"1","Yes","FL",25,2002,0,"none",0,"3"
"356","2016001291636","M","Asian","No",2016,"1","Yes","FL",21,2006,0,"none",0,"5"
"357","20091011789","HS","White","No",2009,"1","Yes","FL",22,1998,0,"3-5",0,"4"
"358","20101115350","HS","White","No",2010,"1","Yes","FL",28,2006,0,"3-5,6+",0,"1"
"359","20121259840","C","Black","No",2012,"1","Yes","FL",19,1996,0,"none",0,"5"
"360","2015379426","C","White","No",2015,"1","Yes","FL",31,2012,0,"3-5,6+",0,"4"
"361","2008968394","HS","White","No",2008,"1","Yes","CT",21,2005,0,"6+",0,"4"
"362","200764049","C","White","No",2007,"1","Yes","FL",20,1995,0,"none",0,"4"
"363","20071289364","C","Asian","No",2007,"1","Yes","FL",18,2003,0,"none",0,"1"
"364","20091117307","HS","Other","Yes",2009,"0","Yes","FL",25,2003,1,"0-2",0,"2"
"365","2013143286","HS","White","No",2013,"1","Yes","FL",23,2010,0,"0-2",0,"3"
"366","2016001343521","HS","Black","No",2016,"1","Yes","FL",29,2013,1,"0-2,3-5",0,"2"
"367","201312304","M","White","No",2013,"0","Yes","CT",28,2007,0,"none",0,"1"
"368","2008812968","C","White","No",2008,"1","Yes","CT",23,2004,0,"none",0,"4"
"369","2011150446","HS","Black","No",2011,"0","No","FL",24,2003,0,"3-5,6+",0,"1"
"370","2009656095","M","Asian","No",2009,"1","Yes","CT",23,2002,0,"none",0,"1"
"371","2006368013","HS","Black","No",2006,"1","Yes","FL",20,1992,0,"none",0,"3"
"372","2006466600","C","Black","No",2006,"1","Yes","FL",21,1992,0,"0-2,3-5",0,"5"
"373","20091034260","C","Black","No",2009,"0","No","FL",23,1999,0,"6+",0,"1"
"374","20151373354","HS","White","No",2015,"1","Yes","FL",25,2008,0,"none",0,"3"
"375","20172017000335166","M","White","No",2017,"1","Yes","FL",32,2017,0,"none",0,"5"
"376","201380541","HS","White","No",2013,"0","Yes","FL",28,2010,0,"3-5",0,"1"
"377","2011623399","C","White","No",2011,"0","Yes","FL",30,2007,0,"none",0,"2"
"378","20131347423","HS","White","No",2013,"1","Yes","FL",18,2010,0,"none",0,"3"
"379","20172017001203876","HS","White","No",2017,"1","Yes","FL",20,2009,0,"none",0,"4"
"380","20121263354","C","White","No",2012,"1","Yes","FL",21,2003,0,"none",0,"3"
"381","2014227276","HS","White","No",2014,"0","Yes","FL",23,2010,0,"none",0,"2"
"382","2015557713","M","White","No",2015,"0","Yes","CT",22,2005,0,"none",0,"5"
"383","2006392501","C","White","No",2006,"1","Yes","FL",26,2005,0,"none",0,"3"
"384","20121227419","HS","Black","No",2012,"1","Yes","CT",25,2008,1,"none",0,"2"
"385","20061033970","HS","Black","No",2006,"1","Yes","FL",24,2004,1,"0-2,3-5",0,"5"
"386","20141374621","HS","Black","No",2014,"0","Yes","FL",20,2012,0,"none",0,"2"
"387","2012767698","HS","Black","No",2012,"0","Yes","FL",23,2004,0,"none",0,"2"
"388","2008134500","M","White","No",2008,"1","Yes","FL",35,2008,0,"3-5",0,"5"
"389","20081207760","C","White","Yes",2008,"1","Yes","FL",34,2008,0,"none",0,"2"
"390","2009473202","C","White","No",2009,"1","Yes","FL",19,2005,0,"none",0,"3"
"391","20091215676","HS","White","No",2009,"1","Yes","FL",21,2001,0,"none",0,"4"
"392","20061072107","HS","White","Yes",2006,"0","No","FL",24,1999,0,"none",0,"1"
"393","20131188259","C","White","No",2013,"1","Yes","FL",18,2004,0,"none",0,"2"
"394","20172017001082508","C","White","No",2017,"1","Yes","FL",30,2016,0,"none",0,"4"
"395","2009660879","C","White","Yes",2009,"1","Yes","FL",23,2002,0,"none",0,"3"
"396","2015167185","C","White","No",2015,"1","Yes","CT",26,2006,0,"none",0,"5"
"397","2007520535","C","White","No",2007,"1","Yes","FL",27,2002,0,"none",0,"5"
"398","20121171039","HS","Black","No",2012,"0","No","FL",26,2003,0,"none",0,"1"
"399","2011110297","HS","White","No",2011,"0","Yes","FL",28,2005,1,"3-5",0,"1"
"400","2014671051","HS","Black","No",2014,"1","No","FL",21,2004,0,"0-2,3-5",1,"1"
"401","2013988340","C","White","Yes",2013,"1","Yes","FL",21,1999,0,"none",0,"2"
"402","20131001457","M","White","No",2013,"1","Yes","CT",21,2000,0,"none",0,"5"
"403","2007266258","C","White","No",2007,"1","Yes","FL",18,1992,0,"none",0,"4"
"404","2013682322","HS","White","No",2013,"1","Yes","FL",27,2011,1,"6+",0,"1"
"405","20151501594","M","White","No",2015,"1","Yes","FL",21,2002,0,"none",0,"5"
"406","20101003672","C","Other","No",2010,"1","Yes","CT",25,2000,0,"6+",0,"2"
"407","2007420549","C","Other","No",2007,"0","Yes","FL",19,2000,0,"none",0,"1"
"408","20141301868","C","White","No",2014,"0","Yes","FL",27,2007,0,"none",0,"3"
"409","2011438978","HS","Black","No",2011,"0","Yes","FL",22,2009,0,"0-2,3-5,6+",0,"1"
"410","2006226179","M","White","No",2006,"1","Yes","CT",22,2002,0,"none",0,"5"
"411","2013794302","M","White","No",2013,"1","Yes","FL",26,2004,0,"none",0,"5"
"412","2015994082","C","White","No",2015,"1","Yes","FL",25,2009,0,"none",0,"4"
"413","2007828308","HS","White","No",2007,"0","Yes","FL",19,1999,1,"none",0,"3"
"414","2008771119","C","White","Yes",2008,"1","Yes","FL",30,2004,0,"0-2,0-2",1,"2"
"415","2011806687","HS","White","No",2011,"1","Yes","FL",24,2008,0,"0-2,3-5",0,"3"
"416","20131051792","C","White","Yes",2013,"1","Yes","FL",24,2004,0,"none",0,"4"
"417","2007362932","C","White","No",2007,"1","Yes","FL",23,1996,0,"none",0,"5"
"418","2009755557","C","White","No",2009,"1","Yes","FL",25,2002,0,"none",0,"5"
"419","20131233195","M","White","No",2013,"1","Yes","CT",25,2009,0,"none",0,"3"
"420","20121340","C","Black","No",2012,"0","No","FL",26,2006,0,"3-5,3-5",0,"2"
"421","20101387720","C","White","Yes",2010,"1","No","FL",27,2010,0,"none",0,"5"
"422","20101087541","M","White","No",2010,"1","Yes","FL",20,1999,0,"none",0,"5"
"423","2013231946","HS","Black","No",2013,"0","Yes","CT",19,2007,0,"none",0,"2"
"424","2008853056","HS","White","No",2008,"1","Yes","FL",22,2006,0,"0-2,3-5,3-5",0,"2"
"425","2015894563","C","White","No",2015,"1","Yes","FL",27,2014,0,"none",0,"1"
"426","20172017000313387","HS","Black","No",2017,"0","No","CT",31,2014,0,"6+",0,"1"
"427","2006484211","HS","White","Yes",2006,"1","Yes","FL",27,2002,0,"3-5",0,"2"
"428","2013951528","HS","Black","No",2013,"1","Yes","FL",26,2005,1,"0-2",0,"1"
"429","2013579151","C","Other","Yes",2013,"1","Yes","FL",20,2001,0,"none",0,"3"
"430","2006531646","HS","White","No",2006,"1","Yes","FL",22,2005,0,"none",0,"5"
"431","2009732175","C","Black","No",2009,"0","Yes","FL",20,2005,1,"none",0,"1"
"432","2013499424","C","Black","No",2013,"1","Yes","FL",21,2004,0,"none",0,"5"
"433","2013320698","C","Black","No",2013,"1","Yes","FL",22,2003,0,"0-2",0,"2"
"434","2011706744","HS","Black","No",2011,"0","No","FL",22,1998,0,"0-2,0-2",1,"1"
"435","2014889453","M","White","No",2014,"1","Yes","CT",20,2002,0,"none",0,"4"
"436","2015508015","M","White","No",2015,"1","Yes","FL",18,2007,0,"none",0,"4"
"437","2016000099309","C","White","No",2016,"1","Yes","FL",21,2009,0,"none",0,"2"
"438","20172017000928359","C","White","No",2017,"0","Yes","FL",18,2004,0,"none",0,"1"
"439","2012117343","C","White","No",2012,"1","Yes","FL",22,2000,0,"none",0,"5"
"440","2008322127","C","White","Yes",2008,"0","Yes","FL",22,2002,0,"none",0,"4"
"441","2015489554","HS","White","Yes",2015,"1","Yes","FL",24,2008,0,"6+",0,"2"
"442","2016001008263","C","White","No",2016,"1","Yes","FL",31,2013,0,"none",0,"4"
"443","2016000255620","HS","Black","No",2016,"0","No","FL",22,2004,0,"0-2,3-5",1,"1"
"444","20141014040","C","White","No",2014,"0","Yes","FL",18,2010,0,"none",0,"5"
"445","20101090659","C","White","Yes",2010,"1","Yes","FL",25,2010,0,"none",0,"4"
"446","2013607619","C","White","No",2013,"1","Yes","FL",29,2007,0,"none",0,"5"
"447","20071180394","C","White","No",2007,"1","Yes","FL",18,1992,0,"none",0,"5"
"448","2016001297676","HS","White","Yes",2016,"1","Yes","FL",32,2015,0,"6+,6+",0,"4"
"449","20101198701","C","White","No",2010,"1","Yes","FL",28,2006,0,"6+",0,"5"
"450","2015463494","C","White","Yes",2015,"1","Yes","FL",31,2011,0,"6+",0,"5"
"451","20121249610","C","Asian","No",2012,"1","Yes","CT",18,1999,0,"none",0,"3"
"452","2010142179","C","White","No",2010,"1","Yes","CT",23,2009,0,"none",0,"2"
"453","200635874","M","Asian","No",2006,"1","Yes","FL",20,2001,0,"none",0,"3"
"454","2012363596","M","Other","No",2012,"0","Yes","FL",19,1997,0,"none",0,"5"
"455","2016001176693","C","White","No",2016,"1","Yes","CT",27,2011,0,"0-2,6+",0,"4"
"456","20061311613","HS","Other","Yes",2006,"1","Yes","FL",26,2006,1,"3-5",0,"1"
"457","2014495154","HS","Other","Yes",2014,"1","Yes","FL",19,1998,0,"0-2",0,"2"
"458","2006757321","M","Black","No",2006,"0","Yes","FL",26,2005,0,"none",0,"3"
"459","2015329186","C","White","No",2015,"1","Yes","FL",19,2004,0,"none",0,"5"
"460","20131475957","HS","White","Yes",2013,"1","Yes","FL",26,2010,0,"none",0,"1"
"461","2012849570","HS","White","Yes",2012,"0","Yes","FL",20,2010,0,"none",0,"1"
"462","2016000731585","HS","White","No",2016,"1","Yes","FL",21,2009,0,"0-2",0,"2"
"463","2014211936","C","White","No",2014,"1","Yes","FL",21,2001,0,"none",0,"4"
"464","20172017000036382","HS","White","Yes",2017,"1","Yes","FL",20,2002,0,"none",0,"1"
"465","20141202906","HS","White","No",2014,"0","No","FL",34,2013,0,"none",0,"2"
"466","2011111298","C","White","No",2011,"0","Yes","FL",27,2007,0,"3-5",0,"1"
"467","20061185795","HS","Other","Yes",2006,"1","Yes","FL",24,1999,0,"none",0,"3"
"468","2014400592","HS","White","No",2014,"1","Yes","FL",33,2012,0,"none",0,"4"
"469","2016001088865","M","White","No",2016,"0","Yes","FL",23,2006,0,"none",0,"2"
"470","201273753","HS","Black","No",2012,"1","Yes","FL",24,2001,1,"3-5,3-5",0,"2"
"471","201038030","C","White","Yes",2010,"1","Yes","FL",20,1997,0,"3-5,3-5",0,"3"
"472","2015657682","C","White","No",2015,"0","Yes","FL",30,2014,0,"3-5",0,"1"
"473","20111358520","HS","White","No",2011,"0","Yes","FL",21,2005,0,"none",0,"1"
"474","2011788326","C","White","No",2011,"0","Yes","FL",28,2010,0,"0-2",0,"1"
"475","2006594734","C","White","No",2006,"1","Yes","FL",25,1996,0,"none",0,"5"
"476","20101016496","HS","White","No",2010,"0","Yes","FL",19,1996,0,"0-2",0,"1"
"477","20131108577","C","White","No",2013,"1","Yes","FL",19,2005,0,"none",0,"5"
"478","2011133737","C","White","No",2011,"1","Yes","CT",28,2009,1,"none",0,"5"
"479","20131069606","C","White","No",2013,"1","Yes","FL",23,2010,0,"3-5",0,"3"
"480","2016000093479","HS","White","No",2016,"1","Yes","CT",26,2011,0,"none",0,"3"
"481","2014831725","HS","White","No",2014,"1","Yes","FL",18,2009,0,"none",0,"2"
"482","20101014661","C","White","No",2010,"1","Yes","FL",23,2002,0,"none",0,"5"
"483","2010974914","M","Asian","No",2010,"1","No","CT",24,2005,0,"none",0,"2"
"484","20151199239","HS","White","No",2015,"1","Yes","FL",21,2010,0,"none",0,"1"
"485","20071163985","C","White","No",2007,"0","Yes","FL",29,2002,0,"none",0,"4"
"486","20172017000717211","C","Other","No",2017,"1","Yes","FL",27,2013,0,"3-5",0,"2"
"487","20061064509","HS","White","No",2006,"1","Yes","FL",21,1992,0,"none",0,"5"
"488","2015275046","HS","White","No",2015,"0","Yes","FL",25,2007,0,"none",0,"1"
"489","2006318436","C","White","No",2006,"1","Yes","FL",18,2000,0,"none",0,"3"
"490","2013523105","HS","Asian","No",2013,"1","Yes","FL",25,2003,0,"none",0,"5"
"491","2015725064","C","White","No",2015,"1","Yes","FL",22,2005,1,"none",0,"5"
"492","2007932547","HS","White","Yes",2007,"1","Yes","FL",19,1991,1,"0-2",0,"5"
"493","2007180039","C","White","No",2007,"1","Yes","CT",30,2007,0,"0-2,3-5,6+",0,"5"
"494","2014653995","M","White","No",2014,"1","Yes","CT",28,2014,1,"0-2,3-5,3-5",0,"4"
"495","2008784678","HS","Black","No",2008,"0","No","FL",24,1999,0,"none",0,"1"
"496","20172017000865930","HS","White","Yes",2017,"1","Yes","FL",25,2012,0,"none",0,"5"
"497","2010131894","C","Black","No",2010,"1","Yes","CT",18,1998,0,"none",0,"5"
"498","20081069453","C","White","Yes",2008,"1","Yes","FL",32,2008,0,"none",0,"5"
"499","20172017000617728","HS","White","No",2017,"1","Yes","FL",33,2015,0,"0-2,6+",0,"1"
"500","20172017000542155","C","White","Yes",2017,"1","Yes","FL",29,2011,0,"6+",0,"5"
"501","20091241336","C","White","No",2009,"1","Yes","FL",19,1996,0,"none",0,"4"
"502","20091218301","HS","White","No",2009,"0","Yes","CT",26,2002,0,"none",0,"1"
"503","20172017000649795","C","White","No",2017,"1","Yes","FL",28,2010,0,"none",0,"5"
"504","20061245686","HS","White","No",2006,"0","Yes","FL",18,1999,0,"none",0,"2"
"505","20172017000749567","M","White","No",2017,"1","Yes","FL",22,2006,0,"none",0,"5"
"506","2011574848","C","White","No",2011,"1","Yes","FL",25,2001,1,"3-5",0,"4"
"507","200719349","HS","White","Yes",2007,"1","Yes","FL",32,2005,0,"3-5,3-5",0,"1"
"508","2015984467","HS","White","No",2015,"0","Yes","FL",29,2013,0,"0-2,6+,6+",0,"1"
"509","2015709572","HS","Asian","No",2015,"0","Yes","FL",18,2001,0,"none",0,"2"
"510","20141234421","M","White","No",2014,"1","Yes","FL",29,2011,1,"none",0,"4"
"511","20131082897","HS","White","No",2013,"1","Yes","FL",27,2009,1,"0-2",0,"2"
"512","20172017001139924","HS","White","No",2017,"1","Yes","FL",31,2013,0,"0-2,3-5,6+",0,"4"
"513","201060554","C","Asian","No",2010,"1","Yes","FL",32,2009,0,"none",0,"3"
"514","2010446458","HS","White","No",2010,"1","Yes","FL",34,2009,1,"6+,6+,6+",0,"2"
"515","20131001559","C","Other","Yes",2013,"1","Yes","FL",33,2013,0,"none",0,"5"
"516","2008901890","M","Other","Yes",2008,"1","Yes","FL",28,2007,0,"0-2",0,"5"
"517","2014491692","HS","Other","No",2014,"0","Yes","CT",24,2005,0,"none",0,"1"
"518","20172017001311870","C","White","Yes",2017,"1","Yes","FL",19,2006,0,"none",0,"4"
"519","2014138121","HS","White","No",2014,"1","Yes","FL",24,2005,0,"none",0,"1"
"520","20141457118","C","Black","No",2014,"0","Yes","FL",24,2012,0,"none",0,"3"
"521","2007146527","C","White","No",2007,"1","Yes","FL",30,2006,1,"0-2",0,"1"
"522","2009286952","HS","White","No",2009,"1","Yes","FL",18,2002,0,"none",0,"5"
"523","2014462899","M","White","Yes",2014,"1","Yes","FL",28,2014,0,"none",0,"3"
"524","2010679026","C","White","Yes",2010,"1","Yes","FL",27,2002,0,"none",0,"1"
"525","20071143504","M","White","No",2007,"1","Yes","FL",21,1995,0,"0-2",0,"5"
"526","2013142285","HS","White","No",2013,"1","Yes","FL",18,2000,0,"none",0,"2"
"527","20081291514","M","White","Yes",2008,"1","Yes","FL",28,2005,0,"none",0,"5"
"528","20151224819","M","White","No",2015,"1","Yes","FL",25,2014,0,"none",0,"5"
"529","2015755227","HS","White","Yes",2015,"1","Yes","FL",19,2007,1,"none",0,"3"
"530","2016001165462","HS","Black","No",2016,"0","Yes","FL",21,2012,0,"none",0,"1"
"531","20101111511","C","White","No",2010,"0","Yes","CT",18,2005,0,"none",0,"1"
"532","20121096774","C","White","Yes",2012,"0","Yes","FL",28,2012,0,"none",0,"2"
"533","2009931731","HS","White","Yes",2009,"1","Yes","FL",23,2007,0,"none",0,"1"
"534","20151219817","C","White","No",2015,"1","Yes","FL",27,2012,0,"none",0,"4"
"535","2008141282","C","White","No",2008,"1","Yes","FL",26,2000,0,"none",0,"5"
"536","2007524996","HS","White","No",2007,"1","Yes","FL",33,2006,0,"4+",0,"3"
"537","20172017000775633","HS","White","No",2017,"0","Yes","FL",20,2011,0,"none",0,"3"
"538","201285376","C","White","No",2012,"1","Yes","FL",30,2012,1,"none",0,"4"
"539","2015645007","HS","White","No",2015,"0","Yes","FL",30,2013,0,"none",0,"4"
"540","2015374791","HS","White","Yes",2015,"0","Yes","FL",20,2006,0,"none",0,"3"
"541","2013442161","HS","White","No",2013,"1","Yes","FL",31,2012,0,"0-2",0,"4"
"542","2015487235","C","White","No",2015,"1","Yes","FL",34,2015,0,"0-2,6+",0,"4"
"543","20151010285","HS","Black","No",2015,"0","Yes","FL",28,2014,0,"6+",0,"4"
"544","2010801476","HS","White","Yes",2010,"0","Yes","FL",18,1997,0,"none",0,"1"
"545","2016000745192","C","Black","No",2016,"0","Yes","FL",20,2014,0,"none",0,"1"
"546","2006440752","M","Asian","No",2006,"1","Yes","FL",30,2003,0,"6+",0,"3"
"547","2008260530","HS","Other","No",2008,"0","Yes","FL",25,1999,0,"none",0,"3"
"548","2007137596","HS","White","No",2007,"1","Yes","CT",18,2000,0,"none",0,"4"
"549","2016000238214","M","White","No",2016,"1","Yes","FL",20,2005,0,"none",0,"5"
"550","20121411033","C","Asian","No",2012,"1","Yes","FL",22,2005,0,"none",0,"3"
"551","2008959533","HS","Black","No",2008,"1","Yes","FL",23,2005,0,"none",0,"2"
"552","2008420136","C","White","No",2008,"0","Yes","FL",26,2006,0,"none",0,"4"
"553","2006705436","HS","Black","No",2006,"0","Yes","FL",23,2000,0,"none",0,"1"
"554","20151092258","C","White","Yes",2015,"0","Yes","FL",20,2007,0,"none",0,"1"
"555","2010972824","HS","White","Yes",2010,"1","Yes","FL",22,2000,0,"none",0,"4"
"556","2016000310420","C","White","Yes",2016,"1","Yes","FL",33,2014,1,"6+,6+",0,"2"
"557","2013577434","HS","White","No",2013,"1","Yes","FL",31,2012,0,"4+",0,"3"
"558","2012199145","M","White","No",2012,"1","Yes","FL",22,2006,0,"none",0,"5"
"559","200887521","M","Other","Yes",2008,"1","Yes","FL",23,1999,0,"none",0,"5"
"560","20091134709","HS","Black","No",2009,"1","Yes","FL",22,2006,0,"0-2",0,"4"
"561","2013509939","HS","Other","Yes",2013,"1","Yes","FL",28,2011,0,"0-2",0,"2"
"562","20101007723","HS","Black","No",2010,"0","No","FL",25,2000,0,"none",0,"2"
"563","2016000238692","HS","Other","Yes",2016,"0","Yes","CT",26,2009,0,"none",0,"2"
"564","201147902","HS","White","No",2011,"1","Yes","FL",32,2011,0,"0-2,6+",0,"2"
"565","20131239554","C","White","No",2013,"1","Yes","FL",24,2005,0,"0-2",0,"3"
"566","2013157837","C","White","No",2013,"1","Yes","FL",26,2006,0,"none",0,"5"
"567","20172017000936751","C","White","No",2017,"1","Yes","FL",23,2010,0,"none",0,"3"
"568","20121232367","HS","White","Yes",2012,"0","Yes","FL",25,2008,0,"none",0,"2"
"569","2012359594","C","White","No",2012,"0","Yes","FL",26,2010,0,"0-2",0,"1"
"570","20101071887","HS","White","No",2010,"1","Yes","FL",23,2000,0,"none",0,"4"
"571","2016000665056","M","White","No",2016,"1","Yes","FL",31,2015,0,"0-2",0,"5"
"572","20151399183","HS","White","No",2015,"1","Yes","FL",24,2007,0,"3-5,6+",0,"5"
"573","2006856333","C","White","No",2006,"1","Yes","FL",22,2000,0,"0-2",0,"5"
"574","2015235341","M","White","Yes",2015,"1","Yes","FL",30,2010,0,"none",0,"5"
"575","20101405332","HS","Black","No",2010,"0","Yes","FL",20,2009,0,"0-2",0,"1"
"576","20061172160","HS","White","No",2006,"0","Yes","FL",26,2005,0,"3-5,3-5",0,"1"
"577","2012440455","HS","White","No",2012,"0","Yes","FL",23,2004,0,"none",0,"4"
"578","200785011","C","White","Yes",2007,"1","Yes","FL",24,2004,0,"none",0,"4"
"579","2008381740","HS","White","No",2008,"1","Yes","FL",18,2000,0,"none",0,"4"
"580","2014502717","M","White","No",2014,"1","Yes","CT",18,2000,0,"none",0,"5"
"581","2011185474","HS","Black","No",2011,"0","Yes","FL",26,2003,1,"3-5",0,"2"
"582","2016000289641","HS","White","No",2016,"0","Yes","FL",30,2013,0,"none",0,"2"
"583","2007942382","C","White","No",2007,"1","No","FL",28,2003,1,"3-5,6+",0,"5"
"584","20091009699","HS","White","No",2009,"1","Yes","FL",20,2007,1,"none",0,"3"
"585","2016001386010","C","White","No",2016,"0","Yes","FL",19,2006,0,"none",0,"3"
"586","20111010840","HS","Other","No",2011,"0","No","FL",28,2006,0,"0-2,3-5",1,"1"
"587","20172017000268427","C","Other","No",2017,"1","Yes","FL",24,2006,0,"none",0,"3"
"588","20172017000322157","C","White","No",2017,"1","Yes","FL",25,2010,0,"none",0,"3"
"589","2007690437","HS","White","Yes",2007,"1","No","FL",22,2005,0,"none",0,"1"
"590","20131010635","HS","Black","No",2013,"0","Yes","FL",21,2000,0,"none",0,"1"
"591","20172017001173594","C","White","No",2017,"1","Yes","FL",19,2008,0,"none",0,"4"
"592","2009209237","M","White","No",2009,"1","Yes","FL",23,2006,0,"none",0,"5"
"593","2013795301","M","Other","Yes",2013,"0","Yes","FL",19,2000,0,"none",0,"3"
"594","2006250466","C","White","No",2006,"0","No","FL",19,1999,0,"none",0,"3"
"595","20131357699","C","White","No",2013,"1","Yes","FL",26,2008,0,"0-2,3-5",1,"5"
"596","2014436632","C","Black","No",2014,"1","Yes","CT",29,2012,0,"none",0,"3"
"597","2016001277037","M","White","No",2016,"0","Yes","CT",24,2008,0,"none",0,"5"
"598","20071077769","HS","White","No",2007,"1","Yes","FL",26,2001,0,"0-2,0-2",1,"5"
"599","2016000849913","HS","Black","No",2016,"0","Yes","FL",21,2016,0,"none",0,"2"
"600","2006653836","C","White","No",2006,"1","Yes","FL",23,1994,0,"none",0,"5"
"601","2006330889","M","White","No",2006,"1","Yes","FL",18,1994,0,"none",0,"5"
"602","2013640411","HS","White","No",2013,"1","Yes","FL",27,2008,0,"none",0,"1"
"603","20172017001051761","M","Asian","No",2017,"1","Yes","CT",25,2016,0,"none",0,"5"
"604","2008663277","C","Other","No",2008,"1","Yes","FL",18,1991,0,"none",0,"4"
"605","20071282044","C","Black","No",2007,"1","Yes","FL",18,1991,0,"none",0,"4"
"606","2008382346","M","White","Yes",2008,"0","Yes","FL",21,2001,0,"none",0,"4"
"607","20121277936","C","White","No",2012,"1","Yes","FL",27,2008,0,"none",0,"5"
"608","20172017001339064","C","White","No",2017,"1","Yes","CT",29,2016,0,"3-5,6+",0,"4"
"609","2016000161932","C","Black","No",2016,"1","Yes","FL",19,2006,0,"none",0,"2"
"610","2010912429","M","Black","Yes",2010,"1","Yes","CT",18,1999,0,"none",0,"5"
"611","201245892","HS","Other","No",2012,"1","Yes","FL",25,2007,1,"none",0,"3"
"612","2012362479","M","White","No",2012,"0","Yes","FL",20,2006,0,"none",0,"4"
"613","2011874614","C","White","No",2011,"1","Yes","FL",23,2008,0,"0-2",0,"3"
"614","2012289413","C","Other","Yes",2012,"0","Yes","CT",33,2011,0,"6+,6+,6+",0,"1"
"615","2016000189511","M","White","No",2016,"1","Yes","FL",20,2003,0,"none",0,"5"
"616","20121189954","C","White","No",2012,"0","Yes","FL",20,1999,0,"none",0,"3"
"617","2016000798270","C","White","No",2016,"1","Yes","FL",31,2013,0,"none",0,"5"
"618","2006825662","C","White","No",2006,"1","Yes","CT",18,1991,0,"none",0,"5"
"619","2010567243","HS","White","No",2010,"0","Yes","FL",20,2004,0,"none",0,"2"
"620","20061252696","HS","White","No",2006,"1","Yes","CT",21,1999,0,"none",0,"4"
"621","2011738661","HS","White","No",2011,"1","Yes","FL",21,2005,0,"0-2,6+",0,"1"
"622","20121244410","HS","White","Yes",2012,"0","No","CT",27,2005,0,"none",0,"1"
"623","2011992885","HS","Black","No",2011,"0","Yes","FL",20,2000,0,"0-2,3-5",1,"2"
"624","2012722892","C","White","No",2012,"1","Yes","FL",20,2011,1,"none",0,"2"
"625","20111067906","HS","White","No",2011,"1","Yes","FL",24,2000,0,"0-2,6+",0,"4"
"626","2015948888","HS","White","No",2015,"1","No","FL",20,2006,0,"none",0,"3"
"627","20121211636","C","Black","No",2012,"1","Yes","FL",19,2001,0,"none",0,"5"
"628","2007870409","HS","Black","No",2007,"1","No","FL",22,2000,1,"0-2,3-5",0,"1"
"629","201368456","C","White","No",2013,"0","Yes","CT",25,2003,0,"none",0,"4"
"630","2009570270","C","Other","Yes",2009,"0","Yes","FL",19,2003,0,"none",0,"1"
"631","2006520654","HS","White","No",2006,"1","Yes","FL",29,2005,0,"3-5,6+,6+",0,"2"
"632","20071189102","M","White","No",2007,"1","Yes","CT",24,1998,0,"none",0,"5"
"633","2012403967","M","White","No",2012,"1","Yes","FL",18,1995,0,"none",0,"4"
"634","20081019231","M","White","No",2008,"1","Yes","FL",20,1993,0,"none",0,"5"
"635","2006619263","M","White","No",2006,"1","Yes","FL",24,2003,0,"none",0,"5"
"636","2013772292","C","Black","No",2013,"1","Yes","FL",26,2009,0,"0-2,0-2,6+",0,"2"
"637","2007172992","C","White","No",2007,"1","Yes","FL",35,2007,0,"3-5,6+,6+",0,"5"
"638","2016000913356","M","White","No",2016,"1","Yes","FL",32,2013,1,"none",0,"5"
"639","20172017001351210","HS","White","No",2017,"1","Yes","FL",35,2017,0,"0-2,6+",0,"4"
"640","2011213538","C","White","No",2011,"1","Yes","CT",25,2007,0,"none",0,"5"
"641","20151366561","C","Black","No",2015,"1","Yes","FL",21,2004,0,"none",0,"4"
"642","20172017000976688","M","White","No",2017,"1","Yes","FL",21,2005,0,"none",0,"5"
"643","2007295961","M","White","No",2007,"1","Yes","FL",23,1995,0,"none",0,"5"
"644","20172017000254552","HS","White","No",2017,"1","Yes","FL",25,2009,0,"3-5,3-5",0,"3"
"645","2012211408","HS","Other","Yes",2012,"1","Yes","FL",19,1999,0,"none",0,"3"
"646","20131237439","M","White","No",2013,"0","Yes","FL",23,2007,0,"none",0,"2"
"647","20071135971","HS","Other","Yes",2007,"0","No","CT",32,2006,0,"4+",0,"1"
"648","2015864380","C","White","Yes",2015,"1","Yes","FL",32,2012,0,"3-5",0,"5"
"649","20121072406","C","White","Yes",2012,"1","Yes","FL",32,2009,0,"none",0,"5"
"650","20111308011","HS","White","Yes",2011,"0","Yes","FL",24,2000,0,"none",0,"1"
"651","2006988221","C","White","No",2006,"1","Yes","FL",23,1998,0,"none",0,"4"
"652","2015367585","M","Black","No",2015,"0","Yes","FL",29,2010,0,"none",0,"2"
"653","2007575520","HS","Black","No",2007,"0","Yes","FL",28,2003,1,"3-5,6+,6+",0,"4"
"654","20172017001149909","C","White","No",2017,"1","Yes","FL",19,2001,0,"none",0,"5"
"655","2007803145","C","White","No",2007,"1","Yes","CT",24,1997,0,"none",0,"5"
"656","2007478670","M","White","No",2007,"1","Yes","FL",24,1998,0,"none",0,"5"
"657","2006131726","C","White","Yes",2006,"0","Yes","FL",23,2000,0,"3-5",0,"2"
"658","20081149512","M","Black","No",2008,"0","Yes","FL",34,2007,0,"none",0,"3"
"659","2008853395","C","Black","No",2008,"0","Yes","FL",20,1999,0,"none",0,"3"
"660","20172017001318211","HS","Other","Yes",2017,"1","Yes","FL",26,2012,0,"0-2,6+",0,"1"
"661","20151009580","HS","White","No",2015,"0","Yes","FL",23,2008,0,"none",0,"1"
"662","2008313239","C","White","No",2008,"1","Yes","FL",21,2000,0,"none",0,"4"
"663","20131042913","M","Other","Yes",2013,"1","Yes","FL",22,2000,0,"none",0,"5"
"664","2010376470","M","White","No",2010,"1","Yes","FL",20,1996,0,"none",0,"5"
"665","2014403718","C","White","No",2014,"1","Yes","CT",19,1998,0,"none",0,"5"
"666","2006713878","C","Black","No",2006,"1","Yes","FL",21,2001,0,"none",0,"3"
"667","2006516546","HS","Black","No",2006,"1","Yes","FL",24,2002,0,"0-2",0,"5"
"668","2007567442","M","White","No",2007,"1","Yes","FL",22,1999,0,"none",0,"5"
"669","2012430787","C","White","No",2012,"1","Yes","FL",20,1997,0,"none",0,"5"
"670","2009626533","HS","White","Yes",2009,"0","No","FL",25,2003,0,"none",0,"3"
"671","2015202636","M","White","No",2015,"1","Yes","FL",22,2005,0,"none",0,"3"
"672","2014839393","C","White","No",2014,"1","Yes","FL",24,2007,0,"none",0,"2"
"673","2014781541","C","White","No",2014,"1","Yes","FL",22,2014,0,"none",0,"4"
"674","20151197776","C","White","Yes",2015,"1","Yes","FL",33,2013,1,"none",0,"3"
"675","2009669073","HS","White","No",2009,"1","Yes","FL",24,2005,0,"none",0,"2"
"676","2015523860","HS","White","Yes",2015,"0","Yes","FL",28,2014,0,"3-5,6+,6+",0,"1"
"677","2014550228","C","White","No",2014,"0","Yes","FL",22,2013,0,"none",0,"1"
"678","2010806347","HS","White","No",2010,"1","Yes","FL",22,2008,0,"3-5",0,"3"
"679","2008102576","C","White","No",2008,"1","Yes","CT",25,2006,0,"0-2",0,"5"
"680","20081378637","C","Black","No",2008,"1","Yes","FL",24,2004,0,"0-2",0,"4"
"681","20111100989","C","Black","No",2011,"0","Yes","FL",18,1998,0,"none",0,"2"
"682","20061271974","C","Asian","No",2006,"1","Yes","FL",30,2006,0,"none",0,"5"
"683","2008183948","C","Black","No",2008,"1","Yes","CT",25,2002,0,"0-2,6+",0,"4"
"684","2011146094","C","Black","No",2011,"1","Yes","FL",18,2001,0,"none",0,"3"
"685","20121005327","HS","White","Yes",2012,"1","Yes","FL",21,2001,0,"none",0,"2"
"686","20172017001020609","C","White","No",2017,"1","Yes","FL",22,2008,0,"none",0,"3"
"687","2011854260","M","Asian","No",2011,"1","Yes","FL",24,2006,0,"none",0,"5"
"688","2011145434","C","White","No",2011,"1","Yes","FL",22,2006,0,"none",0,"3"
"689","20081118930","HS","White","No",2008,"1","Yes","FL",21,2005,0,"none",0,"2"
"690","2010111541","M","White","No",2010,"0","Yes","CT",30,2006,0,"none",0,"3"
"691","2016000566888","C","White","No",2016,"0","No","FL",25,2011,0,"none",0,"1"
"692","2006948388","HS","White","No",2006,"0","Yes","FL",24,1995,0,"none",0,"3"
"693","2016000033039","HS","White","Yes",2016,"0","Yes","FL",22,2005,1,"none",0,"2"
"694","2011639521","M","White","No",2011,"1","Yes","FL",28,2005,0,"0-2",0,"5"
"695","201178609","HS","White","Yes",2011,"1","Yes","FL",25,2003,0,"none",0,"5"
"696","20091164591","C","Black","Yes",2009,"1","Yes","CT",29,2003,0,"0-2",0,"5"
"697","20076786","C","White","No",2007,"1","Yes","FL",26,2002,0,"none",0,"5"
"698","2012104270","M","White","No",2012,"1","Yes","FL",20,1998,0,"none",0,"5"
"699","2011892240","C","White","No",2011,"1","Yes","FL",21,2002,0,"none",0,"5"
"700","2006588941","HS","White","No",2006,"1","Yes","FL",28,2001,0,"3-5,6+",0,"3"
"701","2008157253","C","White","No",2008,"1","Yes","CT",18,1991,0,"none",0,"5"
"702","20172017000460952","HS","Black","No",2017,"0","No","FL",19,2012,0,"none",0,"1"
"703","200829995","HS","White","No",2008,"1","Yes","FL",18,1999,0,"none",0,"4"
"704","2006177898","HS","White","Yes",2006,"1","Yes","FL",29,2004,0,"3-5",0,"5"
"705","2010823677","C","White","No",2010,"1","Yes","CT",20,1999,0,"none",0,"5"
"706","2010632967","HS","White","No",2010,"1","Yes","FL",21,2010,0,"3-5,6+",0,"2"
"707","201517851","HS","White","No",2015,"0","Yes","FL",23,2003,0,"none",0,"2"
"708","2006295840","C","White","No",2006,"1","Yes","FL",23,1999,0,"none",0,"5"
"709","20172017000439430","M","White","Yes",2017,"1","Yes","FL",28,2014,0,"none",0,"5"
"710","20081037749","C","Black","No",2008,"1","Yes","FL",27,2004,0,"0-2",0,"2"
"711","2006426017","C","White","Yes",2006,"0","Yes","FL",19,1996,0,"none",0,"2"
"712","2010663385","HS","Other","Yes",2010,"1","Yes","CT",21,1997,0,"0-2,0-2",1,"3"
"713","2009337060","C","White","No",2009,"0","Yes","FL",18,1994,0,"none",0,"4"
"714","2006847141","M","White","Yes",2006,"1","Yes","FL",30,2004,1,"none",0,"2"
"715","2007704383","HS","Black","No",2007,"0","Yes","FL",35,2007,0,"6+,6+",0,"1"
"716","2008537556","M","White","No",2008,"1","Yes","FL",30,2006,0,"6+",0,"3"
"717","2007834110","M","Other","Yes",2007,"1","Yes","FL",27,2005,0,"0-2",0,"4"
"718","2015782930","C","White","No",2015,"1","Yes","FL",25,2007,0,"none",0,"4"
"719","2013282187","HS","White","No",2013,"1","Yes","FL",18,1996,0,"none",0,"1"
"720","2007478512","C","White","Yes",2007,"1","Yes","FL",22,2003,1,"none",0,"4"
"721","2010210006","C","White","No",2010,"1","Yes","FL",29,2009,0,"0-2",0,"5"
"722","2012150644","C","White","No",2012,"1","Yes","CT",28,2007,0,"none",0,"5"
"723","200694663","HS","White","No",2006,"1","Yes","FL",23,1996,0,"none",0,"5"
"724","2014896505","HS","Other","No",2014,"1","Yes","FL",21,2008,0,"0-2",0,"1"
"725","2010309410","C","Asian","No",2010,"1","Yes","FL",33,2009,0,"3-5,6+,6+",0,"5"
"726","2014232751","HS","Other","No",2014,"1","Yes","FL",31,2014,0,"none",0,"2"
"727","2013262603","C","White","No",2013,"1","Yes","CT",33,2012,0,"0-2",0,"5"
"728","2007698633","HS","White","Yes",2007,"1","Yes","FL",24,2007,0,"none",0,"4"
"729","20172017000570439","M","White","No",2017,"1","Yes","FL",31,2013,0,"0-2",0,"4"
"730","2006932234","M","Black","No",2006,"0","Yes","FL",18,1994,0,"none",0,"1"
"731","20121147800","HS","White","Yes",2012,"1","Yes","FL",22,2000,1,"none",0,"3"
"732","2015647293","HS","White","Yes",2015,"1","Yes","FL",24,2014,0,"3-5",0,"3"
"733","20081017652","HS","White","Yes",2008,"1","Yes","FL",18,1991,0,"none",0,"2"
"734","2010974718","HS","White","No",2010,"1","Yes","FL",18,2003,0,"none",0,"2"
"735","20101341190","C","White","No",2010,"1","Yes","FL",30,2005,0,"3-5,6+",0,"4"
"736","20172017000126148","HS","Other","Yes",2017,"1","Yes","FL",25,2013,0,"none",0,"1"
"737","201535777","C","White","No",2015,"1","Yes","FL",21,2001,0,"none",0,"4"
"738","2012607","HS","White","No",2012,"1","Yes","CT",19,1997,0,"none",0,"4"
"739","2011938942","M","White","No",2011,"0","Yes","FL",19,1996,0,"none",0,"3"
"740","2014937992","M","Other","Yes",2014,"1","Yes","FL",30,2014,1,"none",0,"4"
"741","2007609149","HS","Other","Yes",2007,"0","Yes","CT",25,2007,0,"6+",0,"3"
"742","2012577939","C","White","Yes",2012,"1","Yes","FL",28,2007,0,"none",0,"4"
"743","2011572591","HS","White","No",2011,"1","Yes","FL",22,1998,0,"none",0,"3"
"744","2011386129","C","White","No",2011,"1","Yes","FL",28,2006,0,"0-2",0,"5"
"745","20172017000832984","HS","White","No",2017,"1","Yes","FL",35,2017,0,"none",0,"5"
"746","2007996544","HS","Black","Yes",2007,"0","Yes","FL",18,1991,0,"none",0,"1"
"747","2007324540","HS","White","Yes",2007,"0","Yes","FL",21,2006,0,"none",0,"2"
"748","20151201417","C","Black","No",2015,"0","Yes","FL",23,2009,0,"none",0,"2"
"749","2012272606","M","White","No",2012,"1","Yes","CT",21,2000,0,"none",0,"5"
"750","20131380194","HS","White","No",2013,"0","Yes","FL",32,2012,0,"6+,6+,6+",0,"2"
"751","2012514655","C","White","No",2012,"1","Yes","FL",26,2005,0,"0-2",0,"5"
"752","2011558438","M","White","Yes",2011,"1","Yes","CT",24,2005,0,"none",0,"1"
"753","20061172492","HS","Other","Yes",2006,"1","No","FL",23,1999,0,"none",0,"1"
"754","2012793214","C","Other","Yes",2012,"1","Yes","CT",29,2012,0,"6+",0,"4"
"755","20131363914","M","White","Yes",2013,"1","Yes","FL",19,2000,0,"none",0,"5"
"756","20151102017","HS","White","No",2015,"1","Yes","FL",23,2010,0,"4+",0,"4"
"757","2008419612","C","White","No",2008,"1","Yes","FL",21,2006,0,"none",0,"5"
"758","20121490791","M","Black","No",2012,"0","Yes","FL",25,2008,0,"none",0,"3"
"759","2007958752","HS","Black","No",2007,"0","Yes","FL",19,1998,0,"none",0,"1"
"760","200888443","C","White","No",2008,"1","Yes","FL",32,2005,0,"6+,6+",0,"5"
"761","2016000590093","HS","White","No",2016,"0","Yes","FL",18,1999,0,"none",0,"1"
"762","20172017000499134","M","White","Yes",2017,"1","Yes","FL",29,2017,0,"none",0,"5"
"763","2015576379","HS","White","No",2015,"1","Yes","FL",25,2007,0,"none",0,"1"
"764","20111053818","C","White","Yes",2011,"1","Yes","FL",29,2007,0,"none",0,"5"
"765","20081071946","C","Black","No",2008,"1","Yes","FL",29,2002,0,"3-5,6+,6+",0,"1"
"766","2015700017","M","White","No",2015,"1","Yes","FL",20,2002,0,"none",0,"5"
"767","2007793583","HS","White","No",2007,"1","Yes","FL",19,1993,0,"none",0,"3"
"768","20172017000050581","C","White","No",2017,"1","Yes","FL",25,2007,0,"none",0,"3"
"769","20141470452","C","White","No",2014,"1","Yes","FL",18,2001,0,"none",0,"5"
"770","2011171541","HS","White","No",2011,"1","Yes","FL",28,2004,0,"3-5",0,"4"
"771","20151406001","C","White","No",2015,"1","Yes","FL",20,2003,0,"none",0,"3"
"772","2006426602","M","White","No",2006,"1","Yes","FL",24,1996,0,"none",0,"4"
"773","20172017001362005","HS","Black","No",2017,"0","No","FL",23,2016,0,"0-2",0,"1"
"774","20172017000215871","HS","White","Yes",2017,"0","No","FL",24,2012,0,"none",0,"1"
"775","20172017000292695","HS","Black","No",2017,"0","Yes","FL",20,2005,0,"0-2,3-5",0,"2"
"776","2013564502","C","White","No",2013,"1","Yes","FL",25,2012,1,"6+",0,"4"
"777","20172017000467052","C","White","No",2017,"1","Yes","FL",20,2002,0,"none",0,"3"
"778","20111371982","C","Black","No",2011,"1","Yes","FL",19,2000,0,"none",0,"4"
"779","2009767413","HS","Black","No",2009,"0","Yes","FL",21,2002,0,"3-5",0,"1"
"780","20172017001290434","HS","White","No",2017,"1","Yes","FL",23,2017,1,"0-2,3-5",1,"3"
"781","2013383723","C","White","No",2013,"1","Yes","FL",25,2003,0,"3-5",0,"4"
"782","20172017000635322","C","White","No",2017,"1","Yes","FL",25,2011,0,"none",0,"4"
"783","2013324179","M","Asian","No",2013,"1","Yes","FL",32,2011,0,"3-5,6+",0,"5"
"784","2016001399221","HS","Black","No",2016,"0","Yes","FL",20,2009,0,"0-2,3-5",1,"1"
"785","20131297281","C","White","No",2013,"0","Yes","FL",31,2010,0,"none",0,"3"
"786","20172017001382489","C","White","No",2017,"0","Yes","FL",19,2015,0,"none",0,"1"
"787","200625796","HS","Black","No",2006,"0","Yes","FL",25,1999,0,"0-2,3-5,6+",0,"2"
"788","2016000280619","C","White","No",2016,"1","Yes","CT",20,2003,0,"none",0,"5"
"789","20071173708","HS","White","No",2007,"1","Yes","FL",18,2004,0,"none",0,"2"
"790","2006847952","C","White","No",2006,"1","Yes","FL",28,1999,0,"none",0,"3"
"791","20132396","HS","White","No",2013,"1","Yes","FL",22,2012,0,"none",0,"2"
"792","20091344635","HS","White","No",2009,"1","Yes","FL",19,2007,0,"none",0,"1"
"793","2016000296568","C","White","No",2016,"1","Yes","FL",21,2007,0,"none",0,"4"
"794","20091394202","C","White","Yes",2009,"1","Yes","FL",20,1996,0,"none",0,"4"
"795","2006898267","C","White","No",2006,"0","Yes","FL",30,2003,0,"3-5,3-5",0,"3"
"796","2007560776","HS","White","No",2007,"1","Yes","FL",21,1996,0,"0-2",0,"3"
"797","2013214956","HS","White","Yes",2013,"0","No","CT",31,2013,0,"4+",0,"1"
"798","2016001169935","C","Black","No",2016,"1","Yes","FL",21,2002,0,"none",0,"3"
"799","20172017000077335","M","White","No",2017,"1","Yes","FL",24,2011,0,"0-2",0,"5"
"800","20131461566","M","White","No",2013,"1","Yes","CT",23,2002,0,"none",0,"5"
"801","2012363045","HS","White","Yes",2012,"1","Yes","FL",18,2008,1,"6+",0,"2"
"802","2011557196","M","White","No",2011,"1","Yes","CT",21,1998,0,"none",0,"5"
"803","2007369073","C","White","No",2007,"0","No","FL",21,2006,0,"none",0,"3"
"804","2014776844","M","Asian","No",2014,"1","Yes","FL",29,2013,0,"none",0,"5"
"805","2016000036881","C","White","No",2016,"0","Yes","FL",20,2015,0,"none",0,"1"
"806","20111191086","M","White","No",2011,"1","Yes","FL",21,2006,0,"none",0,"4"
"807","20121269626","HS","White","No",2012,"0","Yes","FL",26,2005,0,"0-2,3-5",0,"1"
"808","20141414754","HS","White","Yes",2014,"1","Yes","FL",28,2008,1,"none",0,"2"
"809","20091113695","HS","White","No",2009,"0","Yes","FL",25,2001,0,"3-5",0,"2"
"810","2007330588","HS","White","No",2007,"1","Yes","FL",22,2000,0,"none",0,"4"
"811","200861093","C","White","No",2008,"0","Yes","FL",21,1995,0,"none",0,"5"
"812","20101173537","C","White","No",2010,"1","Yes","FL",20,1995,0,"none",0,"5"
"813","20111035379","C","Other","Yes",2011,"1","Yes","FL",19,2000,0,"none",0,"3"
"814","20141282430","C","White","No",2014,"0","Yes","CT",28,2010,0,"none",0,"4"
"815","2006899117","HS","White","No",2006,"0","Yes","FL",19,1998,0,"none",0,"2"
"816","20061334740","M","White","No",2006,"1","Yes","FL",21,1992,0,"none",0,"1"
"817","2016000154912","C","White","No",2016,"0","Yes","FL",24,2015,0,"none",0,"3"
"818","2007252357","M","White","No",2007,"1","Yes","CT",25,1999,0,"none",0,"5"
"819","20091215676","HS","White","No",2009,"1","Yes","FL",25,2005,0,"none",0,"4"
"820","2012416690","HS","White","No",2012,"1","Yes","FL",21,2000,0,"none",0,"5"
"821","2009976359","C","White","No",2009,"0","Yes","FL",19,2003,0,"none",0,"1"
"822","201161166","HS","White","No",2011,"1","Yes","FL",24,2004,1,"3-5",0,"4"
"823","20071081464","HS","White","No",2007,"0","Yes","FL",25,2005,0,"none",0,"2"
"824","20071003499","C","White","No",2007,"1","Yes","FL",25,2000,0,"none",0,"5"
"825","20101355420","HS","Other","Yes",2010,"0","No","FL",20,1995,0,"none",0,"1"
"826","20091106839","HS","Other","Yes",2009,"1","Yes","FL",32,2006,1,"4+",0,"3"
"827","20101267456","M","Other","Yes",2010,"1","Yes","FL",22,1998,0,"none",0,"4"
"828","20091260337","M","Black","No",2009,"1","Yes","FL",19,1993,0,"none",0,"5"
"829","2006778007","HS","White","Yes",2006,"1","Yes","FL",24,2000,0,"none",0,"1"
"830","2013984460","C","White","No",2013,"1","Yes","FL",27,2011,0,"none",0,"4"
"831","2008191248","C","White","No",2008,"0","Yes","FL",19,1994,0,"none",0,"2"
"832","20172017001146099","M","Black","No",2017,"1","Yes","FL",33,2015,0,"3-5,6+",0,"3"
"833","2012977866","C","Black","No",2012,"0","Yes","FL",19,2010,0,"none",0,"1"
"834","2010484783","HS","White","No",2010,"1","Yes","FL",18,2007,0,"none",0,"1"
"835","2006610391","C","White","No",2006,"1","Yes","CT",26,2006,0,"none",0,"4"
"836","20172017000463300","C","White","No",2017,"1","Yes","FL",29,2015,0,"none",0,"4"
"837","2009705198","HS","White","No",2009,"1","Yes","FL",22,2005,0,"0-2",0,"3"
"838","2012893907","HS","Black","No",2012,"0","Yes","FL",34,2011,0,"4+",0,"2"
"839","2012346391","C","White","No",2012,"1","Yes","FL",29,2006,1,"3-5",0,"5"
"840","2007586948","HS","Black","No",2007,"1","Yes","FL",23,2002,0,"none",0,"4"
"841","20061307557","M","White","No",2006,"1","Yes","FL",24,2000,0,"none",0,"3"
"842","2007628413","HS","White","No",2007,"0","Yes","FL",24,1996,0,"none",0,"2"
"843","2016001274763","M","White","No",2016,"1","Yes","CT",26,2008,0,"none",0,"5"
"844","2013938155","C","Black","No",2013,"0","Yes","FL",25,2011,1,"none",0,"4"
"845","2010811945","C","White","No",2010,"0","Yes","FL",24,2010,0,"none",0,"1"
"846","2013857568","C","Black","No",2013,"0","Yes","FL",30,2013,0,"6+",0,"3"
"847","20172017000964549","C","White","No",2017,"1","Yes","FL",28,2014,0,"none",0,"4"
"848","2012275336","HS","White","No",2012,"1","Yes","CT",19,1997,0,"none",0,"1"
"849","20111231849","HS","Black","No",2011,"1","Yes","FL",29,2008,0,"none",0,"2"
"850","2008457355","HS","Asian","No",2008,"1","Yes","FL",21,2004,0,"none",0,"2"
"851","20172017000560381","M","White","No",2017,"0","Yes","FL",23,2007,0,"none",0,"4"
"852","2007970956","C","White","No",2007,"0","Yes","FL",18,2004,0,"none",0,"1"
"853","2012470254","M","White","No",2012,"1","Yes","CT",21,2002,0,"none",0,"5"
"854","2016001093870","HS","Black","No",2016,"0","Yes","CT",30,2013,1,"3-5,6+",0,"2"
"855","20061166842","C","White","No",2006,"0","Yes","FL",22,1997,0,"0-2,3-5",0,"1"
"856","20141479365","C","White","No",2014,"1","Yes","FL",22,2008,0,"none",0,"3"
"857","20172017000609603","HS","White","No",2017,"1","Yes","FL",20,2007,0,"none",0,"1"
"858","201058048","C","Asian","No",2010,"1","Yes","FL",19,1997,0,"none",0,"4"
"859","2006901241","HS","White","No",2006,"1","Yes","FL",30,2001,0,"3-5,6+",0,"2"
"860","20172017000328391","C","White","Yes",2017,"1","Yes","FL",23,2005,0,"none",0,"5"
"861","20121021416","HS","White","No",2012,"0","Yes","FL",20,2002,1,"0-2",0,"2"
"862","20131476675","C","Black","No",2013,"1","Yes","FL",22,2000,0,"none",0,"3"
"863","2012530010","HS","Black","No",2012,"0","Yes","FL",21,2006,0,"none",0,"1"
"864","2011887832","HS","Other","Yes",2011,"1","Yes","FL",18,2005,0,"none",0,"2"
"865","2006457780","HS","White","No",2006,"0","Yes","FL",25,1999,0,"6+",0,"2"
"866","2006925546","M","White","No",2006,"1","Yes","CT",22,1998,0,"none",0,"5"
"867","2015552103","C","White","No",2015,"1","Yes","FL",19,2003,0,"none",0,"5"
"868","2010196294","M","White","No",2010,"1","Yes","FL",21,2003,0,"none",0,"5"
"869","20111022389","HS","White","No",2011,"1","Yes","FL",34,2010,0,"0-2",0,"1"
"870","2016000002285","C","Black","No",2016,"1","Yes","FL",22,2008,0,"none",0,"4"
"871","20151470009","HS","White","No",2015,"1","Yes","FL",29,2010,0,"6+,6+",0,"5"
"872","2016001080143","C","White","No",2016,"0","Yes","FL",26,2011,0,"none",0,"4"
"873","2009350285","C","White","Yes",2009,"1","Yes","FL",26,2004,0,"none",0,"3"
"874","20172017001214592","HS","White","No",2017,"0","Yes","CT",24,2008,0,"none",0,"3"
"875","2006840101","C","White","Yes",2006,"1","Yes","FL",24,2000,0,"0-2",0,"3"
"876","2016000606592","C","White","No",2016,"1","Yes","FL",31,2013,0,"0-2",0,"4"
"877","2011605667","C","White","No",2011,"1","Yes","FL",18,2006,0,"none",0,"4"
"878","2007967556","HS","White","No",2007,"1","Yes","FL",22,2005,0,"none",0,"5"
"879","20071364396","HS","White","No",2007,"1","Yes","CT",19,1994,0,"none",0,"3"
"880","201492300","HS","White","No",2014,"1","Yes","FL",20,2003,0,"none",0,"3"
"881","20141063448","C","Asian","No",2014,"1","Yes","FL",20,2002,0,"none",0,"3"
"882","20071321842","C","White","No",2007,"1","Yes","CT",24,2002,0,"none",0,"5"
"883","2015885312","C","White","No",2015,"1","Yes","FL",25,2005,0,"none",0,"5"
"884","20101360943","C","White","No",2010,"1","Yes","FL",19,1999,0,"none",0,"5"
"885","200870903","C","White","No",2008,"1","Yes","FL",18,1994,0,"none",0,"4"
"886","20091145231","M","White","No",2009,"1","Yes","FL",31,2008,0,"0-2",0,"5"
"887","2008205588","C","White","No",2008,"1","Yes","FL",18,1991,0,"none",0,"1"
"888","2009501437","C","White","No",2009,"0","Yes","CT",25,2009,0,"none",0,"4"
"889","20172017000751246","C","White","No",2017,"1","Yes","FL",23,2015,0,"none",0,"2"
"890","2013407491","HS","Black","No",2013,"1","Yes","FL",28,2011,0,"0-2,6+",0,"1"
"891","2006190715","HS","Black","No",2006,"0","Yes","FL",18,1997,0,"none",0,"2"
"892","2008432597","M","White","No",2008,"1","Yes","CT",23,2001,0,"none",0,"4"
"893","20172017000806967","C","Black","No",2017,"1","Yes","FL",28,2015,0,"0-2,3-5,6+",0,"4"
"894","20081310175","M","White","No",2008,"1","Yes","FL",20,1999,0,"none",0,"5"
"895","2008250191","HS","White","No",2008,"1","Yes","FL",28,2003,0,"3-5,3-5",0,"2"
"896","2016001144054","C","White","No",2016,"0","Yes","FL",18,2007,0,"none",0,"4"
"897","2011165978","M","Asian","No",2011,"1","Yes","CT",21,2001,0,"none",0,"2"
"898","20172017001320184","C","White","No",2017,"1","Yes","CT",26,2012,0,"none",0,"3"
"899","2016001420072","C","White","No",2016,"0","Yes","CT",19,2011,0,"none",0,"3"
"900","2013458507","C","White","Yes",2013,"1","Yes","FL",20,2001,0,"0-2,3-5",1,"2"
"901","2006793622","HS","White","No",2006,"1","Yes","CT",31,2002,0,"0-2,6+,6+",0,"3"
"902","20061011638","M","Black","No",2006,"1","Yes","FL",22,1993,0,"none",0,"5"
"903","2007821111","HS","White","No",2007,"1","Yes","FL",22,1998,0,"none",0,"2"
"904","2014131420","C","White","No",2014,"1","Yes","FL",23,2009,0,"none",0,"3"
"905","2007741271","C","White","Yes",2007,"0","Yes","FL",18,1994,0,"none",0,"2"
"906","2006190828","HS","White","No",2006,"0","No","FL",32,2006,0,"none",0,"1"
"907","20061271350","HS","White","No",2006,"1","Yes","CT",32,2005,0,"none",0,"3"
"908","20121434461","HS","White","No",2012,"1","Yes","CT",18,1995,0,"none",0,"3"
"909","20172017000508340","C","Black","No",2017,"0","Yes","FL",22,2010,0,"none",0,"1"
"910","2008971438","C","White","No",2008,"0","Yes","FL",25,2008,0,"none",0,"1"
"911","2010485905","HS","White","No",2010,"1","Yes","FL",18,2003,0,"none",0,"4"
"912","2008411462","C","White","No",2008,"1","Yes","FL",19,1999,0,"none",0,"3"
"913","2009595070","HS","White","No",2009,"1","Yes","CT",33,2009,1,"0-2",0,"4"
"914","2007799402","M","White","No",2007,"1","Yes","FL",22,2002,0,"0-2",0,"5"
"915","20172017001242975","HS","White","Yes",2017,"1","Yes","FL",18,2000,0,"none",0,"3"
"916","20091143443","HS","White","Yes",2009,"1","Yes","FL",28,2003,0,"6+",0,"2"
"917","2007419900","HS","Black","No",2007,"1","Yes","FL",21,1996,0,"none",0,"1"
"918","20061305913","C","White","No",2006,"1","Yes","FL",19,1999,0,"none",0,"5"
"919","2007704643","M","Asian","Yes",2007,"1","Yes","CT",20,1997,0,"none",0,"4"
"920","2010192013","C","White","No",2010,"1","Yes","FL",18,1999,0,"none",0,"5"
"921","2012986686","C","White","No",2012,"1","Yes","FL",29,2009,0,"3-5",0,"4"
"922","2013852161","HS","Black","No",2013,"0","Yes","FL",24,2008,0,"0-2,3-5,6+",0,"2"
"923","2010308563","C","White","No",2010,"1","Yes","FL",23,2009,0,"none",0,"4"
"924","2013591468","M","White","No",2013,"0","Yes","FL",18,1999,0,"none",0,"2"
"925","2012448805","HS","Black","No",2012,"1","No","FL",21,2004,0,"3-5,6+",0,"1"
"926","2009923955","M","Asian","No",2009,"1","Yes","FL",20,1994,0,"none",0,"3"
"927","2016001286796","HS","White","No",2016,"1","Yes","FL",25,2016,0,"none",0,"2"
"928","20101184358","HS","Black","No",2010,"0","Yes","FL",25,2004,0,"6+",0,"1"
"929","2008907858","M","White","No",2008,"0","Yes","FL",21,1997,0,"none",0,"2"
"930","2007462109","HS","Asian","No",2007,"1","Yes","CT",19,1993,0,"none",0,"2"
"931","2007547463","HS","Asian","No",2007,"1","Yes","FL",21,2000,0,"0-2",0,"5"
"932","2016000897075","C","White","No",2016,"0","Yes","FL",30,2013,0,"3-5,6+",0,"1"
"933","2006319039","HS","White","No",2006,"1","Yes","FL",28,1999,0,"3-5,6+",0,"2"
"934","2016000287910","C","Black","No",2016,"1","Yes","FL",28,2013,0,"none",0,"5"
"935","20172017000332019","HS","Black","No",2017,"0","Yes","FL",26,2016,0,"3-5",0,"2"
"936","2013550304","C","Other","Yes",2013,"1","Yes","FL",25,2009,0,"none",0,"5"
"937","2014874205","HS","White","Yes",2014,"1","Yes","CT",32,2014,1,"6+",0,"3"
"938","20061038665","C","Asian","No",2006,"1","Yes","FL",19,1999,0,"none",0,"4"
"939","2006824154","C","White","Yes",2006,"1","Yes","FL",21,1996,0,"none",0,"2"
"940","20121337149","M","White","No",2012,"1","Yes","FL",21,2006,0,"none",0,"4"
"941","2007210358","C","White","No",2007,"1","Yes","FL",18,1994,0,"none",0,"4"
"942","20101134262","HS","White","Yes",2010,"1","Yes","FL",27,2005,0,"none",0,"1"
"943","2012954888","HS","Black","No",2012,"0","Yes","CT",34,2012,0,"4+",0,"1"
"944","20101155822","HS","Black","No",2010,"0","No","FL",25,2006,0,"none",0,"1"
"945","2009217311","C","White","No",2009,"0","Yes","FL",19,1994,0,"none",0,"3"
"946","2006440154","C","White","No",2006,"1","Yes","FL",19,2000,0,"none",0,"5"
"947","2016000235241","M","White","Yes",2016,"1","No","FL",20,2013,0,"none",0,"1"
"948","2007971120","HS","White","No",2007,"1","Yes","FL",23,2003,0,"3-5",0,"1"
"949","201417077","C","White","No",2014,"0","Yes","CT",21,2007,0,"none",0,"1"
"950","20081313095","C","White","No",2008,"1","Yes","FL",27,2003,0,"none",0,"5"
"951","2013480020","HS","Black","No",2013,"0","Yes","FL",31,2013,0,"6+",0,"1"
"952","2016000790971","C","Asian","No",2016,"1","No","CT",23,2011,0,"none",0,"4"
"953","20101007554","HS","White","Yes",2010,"1","Yes","FL",27,2006,0,"3-5,6+",0,"3"
"954","20081310898","C","Asian","No",2008,"1","Yes","FL",29,2003,1,"6+",0,"5"
"955","2009831630","HS","White","Yes",2009,"1","Yes","CT",19,1997,0,"0-2",0,"5"
"956","2014286472","C","White","No",2014,"1","Yes","FL",21,2012,0,"0-2",0,"5"
"957","20172017000144665","M","Black","No",2017,"1","Yes","FL",29,2011,0,"3-5",0,"4"
"958","20111495989","M","White","Yes",2011,"1","Yes","FL",29,2010,0,"none",0,"3"
"959","2007767629","HS","White","No",2007,"1","Yes","FL",21,2005,0,"0-2,0-2",1,"2"
"960","20071297662","M","Other","Yes",2007,"1","Yes","FL",27,2002,0,"none",0,"4"
"961","2013661960","HS","Black","No",2013,"0","Yes","FL",28,2007,0,"none",0,"2"
"962","2006654762","C","Black","No",2006,"0","Yes","FL",28,2003,0,"none",0,"1"
"963","2015216553","C","Black","No",2015,"0","No","CT",31,2014,0,"6+",0,"1"
"964","2015637403","M","Black","No",2015,"1","Yes","FL",20,2003,0,"none",0,"4"
"965","20111102069","HS","White","Yes",2011,"1","Yes","CT",32,2011,0,"3-5,3-5",1,"4"
"966","2015141649","HS","Black","No",2015,"0","Yes","CT",22,2013,0,"none",0,"2"
"967","2013988105","M","Asian","No",2013,"0","Yes","FL",32,2013,0,"none",0,"1"
"968","20151234116","HS","White","Yes",2015,"1","Yes","FL",26,2015,0,"none",0,"2"
"969","2014789393","C","White","No",2014,"1","Yes","FL",20,2002,0,"none",0,"3"
"970","2011983556","HS","White","No",2011,"0","Yes","FL",23,2006,0,"none",0,"4"
"971","20091028544","HS","White","No",2009,"1","Yes","CT",25,2006,0,"3-5",0,"2"
"972","2010642013","M","Asian","No",2010,"1","No","FL",19,2001,0,"none",0,"4"
"973","20172017000645923","HS","Black","No",2017,"0","Yes","FL",25,2010,0,"3-5",0,"2"
"974","2013110396","HS","Other","Yes",2013,"1","Yes","FL",25,2009,0,"none",0,"2"
"975","20172017000003478","HS","White","Yes",2017,"0","No","FL",30,2015,0,"none",0,"1"
"976","2013231403","C","Other","No",2013,"1","Yes","FL",23,2010,0,"none",0,"3"
"977","2014855560","HS","White","Yes",2014,"0","Yes","FL",30,2009,0,"6+",0,"1"
"978","2006421776","C","White","No",2006,"1","Yes","FL",31,2002,0,"0-2",0,"5"
"979","2009345635","C","White","No",2009,"1","Yes","FL",28,2002,0,"3-5,6+,6+",0,"3"
"980","20141241051","C","White","No",2014,"0","Yes","FL",20,2008,0,"none",0,"1"
"981","20172017001094049","HS","White","Yes",2017,"1","Yes","FL",18,2004,0,"none",0,"1"
"982","2007179059","M","White","Yes",2007,"1","Yes","FL",18,1993,0,"none",0,"5"
"983","2008555223","M","White","No",2008,"1","Yes","FL",21,1998,0,"none",0,"3"
"984","2016000961045","M","White","No",2016,"1","Yes","CT",27,2011,0,"none",0,"4"
"985","20091350631","M","Black","No",2009,"1","Yes","FL",18,1994,0,"none",0,"2"
"986","20061187818","C","White","No",2006,"0","Yes","CT",19,1998,0,"none",0,"3"
"987","2009862800","C","White","Yes",2009,"1","Yes","FL",18,1998,0,"none",0,"3"
"988","2016000844128","C","Black","No",2016,"0","Yes","FL",19,2005,0,"none",0,"1"
"989","2014889860","C","White","No",2014,"0","Yes","FL",26,2009,0,"none",0,"3"
"990","2016000789445","HS","White","No",2016,"1","Yes","FL",22,2012,0,"none",0,"2"
"991","2013329124","M","White","No",2013,"1","Yes","FL",18,1996,0,"none",0,"5"
"992","2012881864","C","White","No",2012,"1","No","FL",21,2002,0,"none",0,"5"
"993","20172017000006487","HS","Black","No",2017,"0","Yes","CT",29,2017,0,"none",0,"2"
"994","20101309045","C","White","No",2010,"0","Yes","CT",19,2005,0,"none",0,"2"
"995","2009869246","C","White","No",2009,"1","Yes","FL",19,1994,0,"none",0,"4"
"996","2013494157","HS","Other","No",2013,"0","Yes","FL",23,2012,0,"0-2,3-5",1,"1"
"997","20131468887","HS","Black","No",2013,"0","Yes","FL",21,2007,1,"none",0,"2"
"998","2012214021","C","White","No",2012,"1","Yes","FL",18,1999,0,"none",0,"4"
"999","20101189002","HS","White","No",2010,"1","Yes","FL",26,2006,0,"0-2,3-5",1,"5"
"1000","2006887858","C","White","No",2006,"0","Yes","FL",24,1996,0,"none",0,"2"
